Topic,Question,BT Level
Data Types,Use Data Types to implement a small Java application.,Apply
Control Statements,Implement Control Statements in Java with a working code example.,Apply
Variable Scope,Investigate the common errors that occur while using Variable Scope in Java.,Analyze
Java I/O,Identify the keyword used for Java I/O in Java.,Remember
LinkedList,Design a Java program using LinkedList to model a real-life entity.,Create
Interfaces,Discuss the significance of Interfaces in Java.,Understand
Classes and Objects,Examine how Classes and Objects affects the performance of a Java program.,Analyze
Type Casting,Name the types of Type Casting available in Java.,Remember
Inner Classes,Explain the advantages of using Inner Classes in Java.,Understand
Method Overloading,"Recommend, with justification, when Method Overloading should be used in Java.",Evaluate
Bytecode,Develop a complete Java application that uses Bytecode along with other concepts.,Create
Multidimensional Arrays,Formulate a Java mini-project that showcases Multidimensional Arrays.,Create
Throw and Throws,Inspect a Java program using Throw and Throws and identify the logical flow.,Analyze
super Keyword,Compare super Keyword with a related concept in Java and analyze the differences.,Analyze
Collections Framework,Explain how Collections Framework differs from its alternatives in Java.,Understand
Recursion,Summarize the role of Recursion in Java programming.,Understand
Thread Synchronization,"Determine whether Thread Synchronization improves or harms the efficiency of a Java program, and justify.",Evaluate
Method Overriding,State two characteristics of Method Overriding in Java.,Remember
Custom Exceptions,Describe how Custom Exceptions works in Java.,Understand
Method Overriding,Write a Java program to demonstrate Method Overriding.,Apply
Thread Lifecycle,Develop a Java program that uses Thread Lifecycle to handle a given scenario.,Apply
Annotations,Analyze how Annotations interacts with other features of Java.,Analyze
Inner Classes,Distinguish between correct and incorrect uses of Inner Classes in Java with analysis.,Analyze
Static Binding,Apply the concept of Static Binding to complete a partially written Java program.,Apply
Method Overriding,Apply the concept of Method Overriding to complete a partially written Java program.,Apply
Collections Framework,Analyze the time complexity of operations involving Collections Framework in Java.,Analyze
StringTokenizer,Propose and implement an original Java solution using StringTokenizer.,Create
JVM Architecture,Investigate the common errors that occur while using JVM Architecture in Java.,Analyze
HashMap,Distinguish between correct and incorrect uses of HashMap in Java with analysis.,Analyze
Ternary Operator,Devise a Java program that uses Ternary Operator to implement a custom feature.,Create
Autoboxing,Evaluate the correctness and quality of a Java solution that uses Autoboxing.,Evaluate
Method Overloading,Discuss the significance of Method Overloading in Java.,Understand
Static Binding,Devise a Java program that uses Static Binding to implement a custom feature.,Create
Serialization,Differentiate between Serialization and a related concept in Java.,Understand
Command Line Arguments,Apply the concept of Command Line Arguments to complete a partially written Java program.,Apply
Type Casting,What is Type Casting in Java?,Remember
Enhanced For Loop,"Determine whether Enhanced For Loop improves or harms the efficiency of a Java program, and justify.",Evaluate
Java I/O,"Determine whether Java I/O improves or harms the efficiency of a Java program, and justify.",Evaluate
Stream API,Analyze how Stream API interacts with other features of Java.,Analyze
ClassLoaderBasics,Argue for or against the use of ClassLoaderBasics in a given Java scenario.,Evaluate
this Keyword,Discuss the significance of this Keyword in Java.,Understand
Deque,Define Deque in Java.,Remember
HashSet,Write a Java program to demonstrate HashSet.,Apply
Nested Classes,Discuss the significance of Nested Classes in Java.,Understand
Switch Statement,Classify the different forms of Switch Statement in Java and explain each.,Understand
Java I/O,Develop a Java program that uses Java I/O to handle a given scenario.,Apply
Method Overriding,Write and execute a Java program illustrating Method Overriding.,Apply
Switch Statement,Break down the working of Switch Statement in Java and analyze each step.,Analyze
Arrays,Interpret the behaviour of Arrays in Java with a suitable example.,Understand
Interfaces,Design and build a Java module that applies Interfaces effectively.,Create
Autoboxing,Show how Autoboxing can be used in a Java program to perform a task.,Apply
Exception Handling,Justify whether Exception Handling is the best choice for a given Java programming problem.,Evaluate
File Handling,What are the components of File Handling in Java?,Remember
Recursion,Apply the concept of Recursion to complete a partially written Java program.,Apply
Aggregation,Design a Java program that integrates Aggregation to solve a real-world problem.,Create
HashMap,What is HashMap in Java?,Remember
Thread Lifecycle,Summarize the role of Thread Lifecycle in Java programming.,Understand
Autoboxing,Develop a complete Java application that uses Autoboxing along with other concepts.,Create
Packages,"Using Packages, write a program to solve a simple problem in Java.",Apply
Scanner Class,Analyze why a Java program using Scanner Class may produce unexpected results.,Analyze
Access Modifiers,Analyze how Access Modifiers interacts with other features of Java.,Analyze
Scanner Class,Recall the default value associated with Scanner Class in Java.,Remember
Lambda Expressions,Evaluate the trade-offs involved in using Lambda Expressions in Java.,Evaluate
toString Method,Evaluate two different approaches to implementing toString Method in Java and recommend one.,Evaluate
Method Overloading,Create a new Java class hierarchy that demonstrates Method Overloading.,Create
Object Class,Differentiate between Object Class and a related concept in Java.,Understand
Variables,Analyze the time complexity of operations involving Variables in Java.,Analyze
String Buffer and Builder,Create a new Java class hierarchy that demonstrates String Buffer and Builder.,Create
Anonymous Classes,"Using Anonymous Classes, write a program to solve a simple problem in Java.",Apply
Default Methods,What is Default Methods in Java?,Remember
this Keyword,Propose and implement an original Java solution using this Keyword.,Create
Math Class,Develop a complete Java application that uses Math Class along with other concepts.,Create
TreeMap,Evaluate the correctness and quality of a Java solution that uses TreeMap.,Evaluate
ClassLoaderBasics,Analyze why a Java program using ClassLoaderBasics may produce unexpected results.,Analyze
Iterator,Break down the working of Iterator in Java and analyze each step.,Analyze
JDK and JRE,Describe how JDK and JRE works in Java.,Understand
Anonymous Classes,Name the types of Anonymous Classes available in Java.,Remember
Ternary Operator,Formulate a Java mini-project that showcases Ternary Operator.,Create
Packages,Argue for or against the use of Packages in a given Java scenario.,Evaluate
Thread Synchronization,Define Thread Synchronization in Java.,Remember
Default Methods,Evaluate the trade-offs involved in using Default Methods in Java.,Evaluate
Inheritance,Create a new Java class hierarchy that demonstrates Inheritance.,Create
Deque,State the syntax of Deque in Java.,Remember
Byte Streams,Implement Byte Streams in Java with a working code example.,Apply
Multidimensional Arrays,State two characteristics of Multidimensional Arrays in Java.,Remember
Multidimensional Arrays,Write a Java code snippet that makes use of Multidimensional Arrays.,Apply
Ternary Operator,Mention the purpose of Ternary Operator in Java.,Remember
Strings,Judge the suitability of Strings for a large-scale Java project.,Evaluate
Thread Synchronization,Name the types of Thread Synchronization available in Java.,Remember
Lambda Expressions,"Determine whether Lambda Expressions improves or harms the efficiency of a Java program, and justify.",Evaluate
Abstract Classes,Classify the different forms of Abstract Classes in Java and explain each.,Understand
Method Overriding,Show how Method Overriding can be used in a Java program to perform a task.,Apply
Ternary Operator,Identify the keyword used for Ternary Operator in Java.,Remember
Thread Lifecycle,Differentiate between Thread Lifecycle and a related concept in Java.,Understand
Stream API,List the key features of Stream API in Java.,Remember
this Keyword,Differentiate between this Keyword and a related concept in Java.,Understand
Collections Framework,Discuss the significance of Collections Framework in Java.,Understand
toString Method,Inspect a Java program using toString Method and identify the logical flow.,Analyze
TreeMap,Evaluate the trade-offs involved in using TreeMap in Java.,Evaluate
Math Class,Break down the working of Math Class in Java and analyze each step.,Analyze
Lambda Expressions,Name the types of Lambda Expressions available in Java.,Remember
Final Keyword,Propose and implement an original Java solution using Final Keyword.,Create
HashMap,Identify the keyword used for HashMap in Java.,Remember
String Pool,Discuss the significance of String Pool in Java.,Understand
ClassLoaderBasics,"Determine whether ClassLoaderBasics improves or harms the efficiency of a Java program, and justify.",Evaluate
Inheritance,What is Inheritance in Java?,Remember
JVM Architecture,Assess the impact of JVM Architecture on the maintainability of Java code.,Evaluate
Deque,Argue for or against the use of Deque in a given Java scenario.,Evaluate
Dynamic Binding,Interpret the behaviour of Dynamic Binding in Java with a suitable example.,Understand
Character Streams,Analyze the output of a Java program that uses Character Streams.,Analyze
Try-Catch-Finally,Evaluate two different approaches to implementing Try-Catch-Finally in Java and recommend one.,Evaluate
Variables,Name the types of Variables available in Java.,Remember
Packages,Construct a Java program that combines Packages with exception handling to build a robust solution.,Create
StringTokenizer,"Using StringTokenizer, write a program to solve a simple problem in Java.",Apply
toString Method,What is toString Method in Java?,Remember
Enum,Examine how Enum affects the performance of a Java program.,Analyze
Byte Streams,Define Byte Streams in Java.,Remember
Loops,Give reasons why Loops is important in Java.,Understand
Exception Handling,Identify the keyword used for Exception Handling in Java.,Remember
File Handling,Analyze the output of a Java program that uses File Handling.,Analyze
Multidimensional Arrays,Design a Java program using Multidimensional Arrays to model a real-life entity.,Create
Vector,What are the components of Vector in Java?,Remember
Lambda Expressions,Investigate the common errors that occur while using Lambda Expressions in Java.,Analyze
Collections Framework,State the syntax of Collections Framework in Java.,Remember
Deque,Show how Deque can be used in a Java program to perform a task.,Apply
Deque,Demonstrate the use of Deque through a Java program.,Apply
Switch Statement,"Recommend, with justification, when Switch Statement should be used in Java.",Evaluate
Collections Framework,Why is Collections Framework used in Java? Explain.,Understand
Data Types,Design and build a Java module that applies Data Types effectively.,Create
Abstract Classes,Implement Abstract Classes in Java with a working code example.,Apply
String Pool,"Recommend, with justification, when String Pool should be used in Java.",Evaluate
Java I/O,Name the types of Java I/O available in Java.,Remember
Singleton Class,What are the components of Singleton Class in Java?,Remember
Object Class,Develop a complete Java application that uses Object Class along with other concepts.,Create
Immutable Class,Define Immutable Class in Java.,Remember
Methods,Mention the purpose of Methods in Java.,Remember
Regular Expressions,Classify the different forms of Regular Expressions in Java and explain each.,Understand
Static Binding,Name the types of Static Binding available in Java.,Remember
Variable Scope,Classify the different forms of Variable Scope in Java and explain each.,Understand
equals and hashCode,Examine how equals and hashCode affects the performance of a Java program.,Analyze
Control Statements,Classify the different forms of Control Statements in Java and explain each.,Understand
Constructor Overloading,Construct a Java program that combines Constructor Overloading with exception handling to build a robust solution.,Create
ClassLoaderBasics,Distinguish between correct and incorrect uses of ClassLoaderBasics in Java with analysis.,Analyze
Composition,Demonstrate the use of Composition through a Java program.,Apply
Collections Framework,Write the general form of Collections Framework in Java.,Remember
Arrays,Write the general form of Arrays in Java.,Remember
Dynamic Binding,Explain the advantages of using Dynamic Binding in Java.,Understand
Has-A Relationship,What is Has-A Relationship in Java?,Remember
String Buffer and Builder,Define String Buffer and Builder in Java.,Remember
toString Method,Explain how toString Method differs from its alternatives in Java.,Understand
Abstraction,Evaluate the trade-offs involved in using Abstraction in Java.,Evaluate
Var-args,Analyze why a Java program using Var-args may produce unexpected results.,Analyze
Final Keyword,State two characteristics of Final Keyword in Java.,Remember
Singleton Class,Give reasons why Singleton Class is important in Java.,Understand
Bytecode,What is Bytecode in Java?,Remember
Variables,Create a Java application that uses Variables to manage data for a small system.,Create
Try-Catch-Finally,Argue for or against the use of Try-Catch-Finally in a given Java scenario.,Evaluate
Abstract Classes,Why is Abstract Classes used in Java? Explain.,Understand
Bytecode,Examine the relationship between Bytecode and memory usage in Java.,Analyze
Inheritance,Formulate a Java mini-project that showcases Inheritance.,Create
String Buffer and Builder,State two characteristics of String Buffer and Builder in Java.,Remember
Iterator,Why is Iterator used in Java? Explain.,Understand
Functional Interfaces,What is Functional Interfaces in Java?,Remember
Variables,Design a Java program using Variables to model a real-life entity.,Create
Final Keyword,Formulate a Java mini-project that showcases Final Keyword.,Create
Has-A Relationship,Demonstrate the use of Has-A Relationship through a Java program.,Apply
Default Methods,Break down the working of Default Methods in Java and analyze each step.,Analyze
File Handling,Break down the working of File Handling in Java and analyze each step.,Analyze
Generics,Critique a design decision that relies on Generics in Java.,Evaluate
LinkedList,Explain the working of LinkedList in Java in your own words.,Understand
Labeled Loops,Justify whether Labeled Loops is the best choice for a given Java programming problem.,Evaluate
Labeled Loops,Critique a design decision that relies on Labeled Loops in Java.,Evaluate
LinkedList,Give reasons why LinkedList is important in Java.,Understand
Multidimensional Arrays,Analyze the time complexity of operations involving Multidimensional Arrays in Java.,Analyze
Variable Scope,Use Variable Scope to implement a small Java application.,Apply
Ternary Operator,Evaluate two different approaches to implementing Ternary Operator in Java and recommend one.,Evaluate
Thread Lifecycle,Apply the concept of Thread Lifecycle to complete a partially written Java program.,Apply
Has-A Relationship,Evaluate two different approaches to implementing Has-A Relationship in Java and recommend one.,Evaluate
Has-A Relationship,Develop a complete Java application that uses Has-A Relationship along with other concepts.,Create
Association,Write a Java program to demonstrate Association.,Apply
Functional Interfaces,Implement Functional Interfaces in Java with a working code example.,Apply
JVM Architecture,Give reasons why JVM Architecture is important in Java.,Understand
Nested Classes,Show how Nested Classes can be used in a Java program to perform a task.,Apply
Comparable and Comparator,Justify whether Comparable and Comparator is the best choice for a given Java programming problem.,Evaluate
Functional Interfaces,Analyze the output of a Java program that uses Functional Interfaces.,Analyze
Aggregation,Formulate a Java mini-project that showcases Aggregation.,Create
Constructors,Devise a Java program that uses Constructors to implement a custom feature.,Create
Static Binding,Distinguish between correct and incorrect uses of Static Binding in Java with analysis.,Analyze
Throw and Throws,Construct a Java program that combines Throw and Throws with exception handling to build a robust solution.,Create
Variable Scope,Compare Variable Scope with a related concept in Java and analyze the differences.,Analyze
Collections Framework,Break down the working of Collections Framework in Java and analyze each step.,Analyze
Date and Time API,Critically assess the advantages and limitations of Date and Time API in Java.,Evaluate
JVM Architecture,Critically assess the advantages and limitations of JVM Architecture in Java.,Evaluate
ClassLoaderBasics,Design a Java program using ClassLoaderBasics to model a real-life entity.,Create
Static Keyword,List the key features of Static Keyword in Java.,Remember
Enum,Write a Java code snippet that makes use of Enum.,Apply
Command Line Arguments,Differentiate between Command Line Arguments and a related concept in Java.,Understand
Constructors,Break down the working of Constructors in Java and analyze each step.,Analyze
Multithreading,Explain the working of Multithreading in Java in your own words.,Understand
Character Streams,Why is Character Streams used in Java? Explain.,Understand
Constructors,Describe how Constructors works in Java.,Understand
Packages,Develop an innovative Java program that extends the usual use of Packages.,Create
TreeMap,Write and execute a Java program illustrating TreeMap.,Apply
Encapsulation,Differentiate between Encapsulation and a related concept in Java.,Understand
Polymorphism,Create a new Java class hierarchy that demonstrates Polymorphism.,Create
Data Types,"Using Data Types, write a program to solve a simple problem in Java.",Apply
ClassLoaderBasics,Design a Java program that integrates ClassLoaderBasics to solve a real-world problem.,Create
Command Line Arguments,Apply Command Line Arguments to write a Java program that takes user input and produces output.,Apply
Iterator,Analyze the time complexity of operations involving Iterator in Java.,Analyze
Jagged Arrays,Name the types of Jagged Arrays available in Java.,Remember
Methods,Design and build a Java module that applies Methods effectively.,Create
Has-A Relationship,Create a Java application that uses Has-A Relationship to manage data for a small system.,Create
LinkedList,Summarize the role of LinkedList in Java programming.,Understand
Dynamic Binding,Explain the working of Dynamic Binding in Java in your own words.,Understand
Strings,Design a Java program that integrates Strings to solve a real-world problem.,Create
Dynamic Binding,Demonstrate the use of Dynamic Binding through a Java program.,Apply
Abstraction,Critique a design decision that relies on Abstraction in Java.,Evaluate
Recursion,Construct a Java program that applies Recursion to process data.,Apply
Inheritance,Apply the concept of Inheritance to complete a partially written Java program.,Apply
Inheritance,Write a Java program to demonstrate Inheritance.,Apply
Java Memory Model,Identify the keyword used for Java Memory Model in Java.,Remember
Byte Streams,Explain how Byte Streams differs from its alternatives in Java.,Understand
Date and Time API,What is Date and Time API in Java?,Remember
Exception Handling,What are the components of Exception Handling in Java?,Remember
Variable Scope,Analyze how Variable Scope interacts with other features of Java.,Analyze
Data Types,Analyze why a Java program using Data Types may produce unexpected results.,Analyze
HashSet,Give reasons why HashSet is important in Java.,Understand
this Keyword,Inspect a Java program using this Keyword and identify the logical flow.,Analyze
Thread Lifecycle,Examine the relationship between Thread Lifecycle and memory usage in Java.,Analyze
Comparable and Comparator,Construct a Java program that combines Comparable and Comparator with exception handling to build a robust solution.,Create
Interfaces,Write and execute a Java program illustrating Interfaces.,Apply
Variables,Write and execute a Java program illustrating Variables.,Apply
String Pool,Critique a design decision that relies on String Pool in Java.,Evaluate
JDK and JRE,State the syntax of JDK and JRE in Java.,Remember
equals and hashCode,Construct a Java program that applies equals and hashCode to process data.,Apply
Enhanced For Loop,Define Enhanced For Loop in Java.,Remember
Try-Catch-Finally,Explain how Try-Catch-Finally differs from its alternatives in Java.,Understand
Strings,Build a Java solution that uses Strings and explain your design choices.,Create
Abstraction,Implement Abstraction in Java with a working code example.,Apply
Java I/O,Analyze why a Java program using Java I/O may produce unexpected results.,Analyze
Runnable Interface,Design a Java program that integrates Runnable Interface to solve a real-world problem.,Create
Arrays,Evaluate the trade-offs involved in using Arrays in Java.,Evaluate
super Keyword,Examine the relationship between super Keyword and memory usage in Java.,Analyze
Autoboxing,Compare Autoboxing with a related concept in Java and analyze the differences.,Analyze
Enhanced For Loop,Evaluate the effectiveness of using Enhanced For Loop in a Java application.,Evaluate
Jagged Arrays,Critique a design decision that relies on Jagged Arrays in Java.,Evaluate
Deque,Investigate the common errors that occur while using Deque in Java.,Analyze
Packages,Evaluate the trade-offs involved in using Packages in Java.,Evaluate
Garbage Collection,Evaluate the effectiveness of using Garbage Collection in a Java application.,Evaluate
Switch Statement,"Determine whether Switch Statement improves or harms the efficiency of a Java program, and justify.",Evaluate
Abstract Classes,Formulate a Java mini-project that showcases Abstract Classes.,Create
ArrayList,Apply ArrayList to write a Java program that takes user input and produces output.,Apply
Runnable Interface,Apply Runnable Interface to write a Java program that takes user input and produces output.,Apply
Is-A Relationship,State two characteristics of Is-A Relationship in Java.,Remember
Methods,Define Methods in Java.,Remember
Variables,Investigate the common errors that occur while using Variables in Java.,Analyze
Strings,Name the types of Strings available in Java.,Remember
Composition,List the key features of Composition in Java.,Remember
ClassLoaderBasics,Write and execute a Java program illustrating ClassLoaderBasics.,Apply
Deque,Justify whether Deque is the best choice for a given Java programming problem.,Evaluate
Object Class,Distinguish between correct and incorrect uses of Object Class in Java with analysis.,Analyze
Aggregation,Demonstrate the use of Aggregation through a Java program.,Apply
Loops,Inspect a Java program using Loops and identify the logical flow.,Analyze
Annotations,State the syntax of Annotations in Java.,Remember
Exception Handling,Examine how Exception Handling affects the performance of a Java program.,Analyze
equals and hashCode,Show how equals and hashCode can be used in a Java program to perform a task.,Apply
Command Line Arguments,Show how Command Line Arguments can be used in a Java program to perform a task.,Apply
File Handling,Devise a Java program that uses File Handling to implement a custom feature.,Create
Java I/O,Devise a Java program that uses Java I/O to implement a custom feature.,Create
Queue,Break down the working of Queue in Java and analyze each step.,Analyze
Stream API,Analyze a given Java code segment using Stream API and explain its behaviour.,Analyze
Packages,Examine how Packages affects the performance of a Java program.,Analyze
BufferedReader,Examine the relationship between BufferedReader and memory usage in Java.,Analyze
Date and Time API,What are the components of Date and Time API in Java?,Remember
this Keyword,Compare this Keyword with a related concept in Java and analyze the differences.,Analyze
Inner Classes,"Determine whether Inner Classes improves or harms the efficiency of a Java program, and justify.",Evaluate
toString Method,Argue for or against the use of toString Method in a given Java scenario.,Evaluate
Static Keyword,Create a Java application that uses Static Keyword to manage data for a small system.,Create
String Buffer and Builder,Investigate the common errors that occur while using String Buffer and Builder in Java.,Analyze
Autoboxing,Differentiate between Autoboxing and a related concept in Java.,Understand
Type Casting,Evaluate the effectiveness of using Type Casting in a Java application.,Evaluate
Abstract Classes,Give reasons why Abstract Classes is important in Java.,Understand
Methods,Develop a complete Java application that uses Methods along with other concepts.,Create
Bytecode,Distinguish between correct and incorrect uses of Bytecode in Java with analysis.,Analyze
Variable Scope,Implement Variable Scope in Java with a working code example.,Apply
equals and hashCode,Analyze a given Java code segment using equals and hashCode and explain its behaviour.,Analyze
Constructor Overloading,Create a new Java class hierarchy that demonstrates Constructor Overloading.,Create
Iterator,Develop a complete Java application that uses Iterator along with other concepts.,Create
Bytecode,Evaluate the correctness and quality of a Java solution that uses Bytecode.,Evaluate
JDK and JRE,Examine how JDK and JRE affects the performance of a Java program.,Analyze
Generics,Justify whether Generics is the best choice for a given Java programming problem.,Evaluate
Multithreading,Design a Java program that integrates Multithreading to solve a real-world problem.,Create
String Buffer and Builder,Name the types of String Buffer and Builder available in Java.,Remember
Runnable Interface,Why is Runnable Interface used in Java? Explain.,Understand
Has-A Relationship,Propose and implement an original Java solution using Has-A Relationship.,Create
Java Memory Model,Assess the impact of Java Memory Model on the maintainability of Java code.,Evaluate
Final Keyword,Justify whether Final Keyword is the best choice for a given Java programming problem.,Evaluate
Exception Handling,Explain the working of Exception Handling in Java in your own words.,Understand
Variable Scope,Analyze the time complexity of operations involving Variable Scope in Java.,Analyze
Abstract Classes,Apply the concept of Abstract Classes to complete a partially written Java program.,Apply
JDK and JRE,Develop a complete Java application that uses JDK and JRE along with other concepts.,Create
Default Methods,Evaluate the effectiveness of using Default Methods in a Java application.,Evaluate
Enhanced For Loop,Formulate a Java mini-project that showcases Enhanced For Loop.,Create
Association,Evaluate the trade-offs involved in using Association in Java.,Evaluate
Immutable Class,What is Immutable Class in Java?,Remember
Exception Handling,Implement Exception Handling in Java with a working code example.,Apply
Method Overloading,Develop a Java program that uses Method Overloading to handle a given scenario.,Apply
HashMap,"Determine whether HashMap improves or harms the efficiency of a Java program, and justify.",Evaluate
Abstract Classes,Justify whether Abstract Classes is the best choice for a given Java programming problem.,Evaluate
toString Method,Judge the suitability of toString Method for a large-scale Java project.,Evaluate
Queue,Justify whether Queue is the best choice for a given Java programming problem.,Evaluate
Comparable and Comparator,Classify the different forms of Comparable and Comparator in Java and explain each.,Understand
Bytecode,Design a Java program that integrates Bytecode to solve a real-world problem.,Create
Character Streams,Apply the concept of Character Streams to complete a partially written Java program.,Apply
Deque,Compare Deque with a related concept in Java and analyze the differences.,Analyze
Methods,Examine how Methods affects the performance of a Java program.,Analyze
Functional Interfaces,Write a Java program to demonstrate Functional Interfaces.,Apply
Functional Interfaces,Distinguish between correct and incorrect uses of Functional Interfaces in Java with analysis.,Analyze
toString Method,Critically assess the advantages and limitations of toString Method in Java.,Evaluate
Comparable and Comparator,Create a Java application that uses Comparable and Comparator to manage data for a small system.,Create
ClassLoaderBasics,Show how ClassLoaderBasics can be used in a Java program to perform a task.,Apply
Autoboxing,Explain the working of Autoboxing in Java in your own words.,Understand
Dynamic Binding,Write and execute a Java program illustrating Dynamic Binding.,Apply
Stack,What are the components of Stack in Java?,Remember
Control Statements,Give reasons why Control Statements is important in Java.,Understand
HashSet,Explain the concept of HashSet in Java with an example.,Understand
this Keyword,Construct a Java program that applies this Keyword to process data.,Apply
Strings,Define Strings in Java.,Remember
Composition,Design a Java program using Composition to model a real-life entity.,Create
Exception Handling,Compare Exception Handling with a related concept in Java and analyze the differences.,Analyze
Dynamic Binding,What are the components of Dynamic Binding in Java?,Remember
Bytecode,"Recommend, with justification, when Bytecode should be used in Java.",Evaluate
Abstraction,Formulate a Java mini-project that showcases Abstraction.,Create
String Pool,Compare String Pool with a related concept in Java and analyze the differences.,Analyze
Bitwise Operators,Show how Bitwise Operators can be used in a Java program to perform a task.,Apply
Garbage Collection,Develop a Java program that uses Garbage Collection to handle a given scenario.,Apply
Enum,Devise a Java program that uses Enum to implement a custom feature.,Create
Control Statements,Explain the concept of Control Statements in Java with an example.,Understand
Iterator,Develop an innovative Java program that extends the usual use of Iterator.,Create
Type Casting,Develop a complete Java application that uses Type Casting along with other concepts.,Create
StringTokenizer,Design a Java program that integrates StringTokenizer to solve a real-world problem.,Create
Java Memory Model,Write and execute a Java program illustrating Java Memory Model.,Apply
Math Class,Critically assess the advantages and limitations of Math Class in Java.,Evaluate
Queue,Evaluate the trade-offs involved in using Queue in Java.,Evaluate
Static Binding,Construct a Java program that applies Static Binding to process data.,Apply
Anonymous Classes,Give reasons why Anonymous Classes is important in Java.,Understand
Annotations,Define Annotations in Java.,Remember
Wrapper Classes,Write and execute a Java program illustrating Wrapper Classes.,Apply
Stack,Write and execute a Java program illustrating Stack.,Apply
Ternary Operator,List the key features of Ternary Operator in Java.,Remember
Association,Inspect a Java program using Association and identify the logical flow.,Analyze
Operators,Propose and implement an original Java solution using Operators.,Create
Functional Interfaces,State the syntax of Functional Interfaces in Java.,Remember
equals and hashCode,Evaluate the effectiveness of using equals and hashCode in a Java application.,Evaluate
Strings,Construct a Java program that applies Strings to process data.,Apply
Queue,Argue for or against the use of Queue in a given Java scenario.,Evaluate
ArrayList,Create a new Java class hierarchy that demonstrates ArrayList.,Create
super Keyword,Explain the advantages of using super Keyword in Java.,Understand
Try-Catch-Finally,Interpret the behaviour of Try-Catch-Finally in Java with a suitable example.,Understand
Abstraction,Examine the relationship between Abstraction and memory usage in Java.,Analyze
Lambda Expressions,Differentiate between Lambda Expressions and a related concept in Java.,Understand
Constructor Overloading,Design a Java program using Constructor Overloading to model a real-life entity.,Create
JDK and JRE,Formulate a Java mini-project that showcases JDK and JRE.,Create
Enhanced For Loop,Design and build a Java module that applies Enhanced For Loop effectively.,Create
Is-A Relationship,Discuss the significance of Is-A Relationship in Java.,Understand
Marker Interface,Create a new Java class hierarchy that demonstrates Marker Interface.,Create
Strings,Analyze the time complexity of operations involving Strings in Java.,Analyze
Garbage Collection,Interpret the behaviour of Garbage Collection in Java with a suitable example.,Understand
Marker Interface,Design and build a Java module that applies Marker Interface effectively.,Create
Polymorphism,Show how Polymorphism can be used in a Java program to perform a task.,Apply
ArrayList,Propose and implement an original Java solution using ArrayList.,Create
Method Overriding,Analyze the time complexity of operations involving Method Overriding in Java.,Analyze
Access Modifiers,What is Access Modifiers in Java?,Remember
Method Overriding,Argue for or against the use of Method Overriding in a given Java scenario.,Evaluate
Object Class,Develop a Java program that uses Object Class to handle a given scenario.,Apply
BufferedReader,Devise a Java program that uses BufferedReader to implement a custom feature.,Create
Loops,Explain the advantages of using Loops in Java.,Understand
TreeMap,Investigate the common errors that occur while using TreeMap in Java.,Analyze
Singleton Class,Develop a Java program that uses Singleton Class to handle a given scenario.,Apply
Enum,Give reasons why Enum is important in Java.,Understand
ClassLoaderBasics,"Using ClassLoaderBasics, write a program to solve a simple problem in Java.",Apply
Labeled Loops,Show how Labeled Loops can be used in a Java program to perform a task.,Apply
Regular Expressions,Construct a Java program that combines Regular Expressions with exception handling to build a robust solution.,Create
Immutable Class,Analyze a given Java code segment using Immutable Class and explain its behaviour.,Analyze
Enum,Break down the working of Enum in Java and analyze each step.,Analyze
Var-args,Classify the different forms of Var-args in Java and explain each.,Understand
Singleton Class,Demonstrate the use of Singleton Class through a Java program.,Apply
Data Types,Build a Java solution that uses Data Types and explain your design choices.,Create
Math Class,Propose and implement an original Java solution using Math Class.,Create
Multidimensional Arrays,Implement Multidimensional Arrays in Java with a working code example.,Apply
toString Method,Propose and implement an original Java solution using toString Method.,Create
Wrapper Classes,Design and build a Java module that applies Wrapper Classes effectively.,Create
Operators,Classify the different forms of Operators in Java and explain each.,Understand
Variable Scope,Mention the purpose of Variable Scope in Java.,Remember
Custom Exceptions,Evaluate two different approaches to implementing Custom Exceptions in Java and recommend one.,Evaluate
Singleton Class,Break down the working of Singleton Class in Java and analyze each step.,Analyze
Lambda Expressions,Design a Java program using Lambda Expressions to model a real-life entity.,Create
Switch Statement,Interpret the behaviour of Switch Statement in Java with a suitable example.,Understand
Access Modifiers,Demonstrate the use of Access Modifiers through a Java program.,Apply
Interfaces,Describe how Interfaces works in Java.,Understand
TreeMap,Design and build a Java module that applies TreeMap effectively.,Create
BufferedReader,Evaluate the correctness and quality of a Java solution that uses BufferedReader.,Evaluate
Dynamic Binding,Apply the concept of Dynamic Binding to complete a partially written Java program.,Apply
Constructors,Discuss the significance of Constructors in Java.,Understand
Custom Exceptions,Evaluate the correctness and quality of a Java solution that uses Custom Exceptions.,Evaluate
JDK and JRE,Compare JDK and JRE with a related concept in Java and analyze the differences.,Analyze
Deque,Create a new Java class hierarchy that demonstrates Deque.,Create
Classes and Objects,Break down the working of Classes and Objects in Java and analyze each step.,Analyze
ArrayList,Design and build a Java module that applies ArrayList effectively.,Create
Thread Synchronization,Devise a Java program that uses Thread Synchronization to implement a custom feature.,Create
JDK and JRE,Name the types of JDK and JRE available in Java.,Remember
Encapsulation,Interpret the behaviour of Encapsulation in Java with a suitable example.,Understand
Static Binding,Judge the suitability of Static Binding for a large-scale Java project.,Evaluate
Stack,Create a new Java class hierarchy that demonstrates Stack.,Create
Functional Interfaces,Interpret the behaviour of Functional Interfaces in Java with a suitable example.,Understand
Enum,Write the general form of Enum in Java.,Remember
toString Method,Demonstrate the use of toString Method through a Java program.,Apply
Interfaces,Evaluate the effectiveness of using Interfaces in a Java application.,Evaluate
Collections Framework,List the key features of Collections Framework in Java.,Remember
Bitwise Operators,Apply Bitwise Operators to write a Java program that takes user input and produces output.,Apply
Enum,Compare Enum with a related concept in Java and analyze the differences.,Analyze
Arrays,Why is Arrays used in Java? Explain.,Understand
Labeled Loops,"Using Labeled Loops, write a program to solve a simple problem in Java.",Apply
Strings,Why is Strings used in Java? Explain.,Understand
Var-args,Analyze how Var-args interacts with other features of Java.,Analyze
Association,Create a Java application that uses Association to manage data for a small system.,Create
Aggregation,Devise a Java program that uses Aggregation to implement a custom feature.,Create
toString Method,Mention the purpose of toString Method in Java.,Remember
StringTokenizer,Evaluate the trade-offs involved in using StringTokenizer in Java.,Evaluate
BufferedReader,Develop a Java program that uses BufferedReader to handle a given scenario.,Apply
Object Class,Compare Object Class with a related concept in Java and analyze the differences.,Analyze
Byte Streams,Mention the purpose of Byte Streams in Java.,Remember
String Pool,Develop a Java program that uses String Pool to handle a given scenario.,Apply
Static Keyword,Critically assess the advantages and limitations of Static Keyword in Java.,Evaluate
Collections Framework,Evaluate the trade-offs involved in using Collections Framework in Java.,Evaluate
toString Method,Identify the keyword used for toString Method in Java.,Remember
Throw and Throws,"Recommend, with justification, when Throw and Throws should be used in Java.",Evaluate
Try-Catch-Finally,Examine the relationship between Try-Catch-Finally and memory usage in Java.,Analyze
BufferedReader,Classify the different forms of BufferedReader in Java and explain each.,Understand
HashSet,Differentiate between HashSet and a related concept in Java.,Understand
Queue,Evaluate the correctness and quality of a Java solution that uses Queue.,Evaluate
Date and Time API,Break down the working of Date and Time API in Java and analyze each step.,Analyze
Recursion,Analyze how Recursion interacts with other features of Java.,Analyze
String Buffer and Builder,"Determine whether String Buffer and Builder improves or harms the efficiency of a Java program, and justify.",Evaluate
Stream API,Construct a Java program that applies Stream API to process data.,Apply
Classes and Objects,Summarize the role of Classes and Objects in Java programming.,Understand
Data Types,Apply Data Types to write a Java program that takes user input and produces output.,Apply
Object Class,Build a Java solution that uses Object Class and explain your design choices.,Create
Bitwise Operators,Build a Java solution that uses Bitwise Operators and explain your design choices.,Create
Immutable Class,Show how Immutable Class can be used in a Java program to perform a task.,Apply
Polymorphism,Evaluate the correctness and quality of a Java solution that uses Polymorphism.,Evaluate
Loops,Describe how Loops works in Java.,Understand
Nested Classes,Use Nested Classes to implement a small Java application.,Apply
Dynamic Binding,Analyze the output of a Java program that uses Dynamic Binding.,Analyze
Is-A Relationship,Use Is-A Relationship to implement a small Java application.,Apply
Marker Interface,Define Marker Interface in Java.,Remember
Thread Synchronization,Critique a design decision that relies on Thread Synchronization in Java.,Evaluate
Exception Handling,Distinguish between correct and incorrect uses of Exception Handling in Java with analysis.,Analyze
Try-Catch-Finally,Analyze the time complexity of operations involving Try-Catch-Finally in Java.,Analyze
Anonymous Classes,Examine the relationship between Anonymous Classes and memory usage in Java.,Analyze
Aggregation,"Using Aggregation, write a program to solve a simple problem in Java.",Apply
Final Keyword,Analyze the output of a Java program that uses Final Keyword.,Analyze
Constructors,Critically assess the advantages and limitations of Constructors in Java.,Evaluate
Multidimensional Arrays,Devise a Java program that uses Multidimensional Arrays to implement a custom feature.,Create
Lambda Expressions,What is Lambda Expressions in Java?,Remember
JDK and JRE,Evaluate the effectiveness of using JDK and JRE in a Java application.,Evaluate
ClassLoaderBasics,List the key features of ClassLoaderBasics in Java.,Remember
Java Memory Model,Write a Java program to demonstrate Java Memory Model.,Apply
Constructors,Use Constructors to implement a small Java application.,Apply
Has-A Relationship,Design a Java program that integrates Has-A Relationship to solve a real-world problem.,Create
this Keyword,Break down the working of this Keyword in Java and analyze each step.,Analyze
Recursion,Justify whether Recursion is the best choice for a given Java programming problem.,Evaluate
Constructors,Write and execute a Java program illustrating Constructors.,Apply
Default Methods,"Using Default Methods, write a program to solve a simple problem in Java.",Apply
Thread Synchronization,Explain the advantages of using Thread Synchronization in Java.,Understand
Static Keyword,Design a Java program that integrates Static Keyword to solve a real-world problem.,Create
Jagged Arrays,What is Jagged Arrays in Java?,Remember
String Buffer and Builder,Interpret the behaviour of String Buffer and Builder in Java with a suitable example.,Understand
Classes and Objects,Give reasons why Classes and Objects is important in Java.,Understand
Command Line Arguments,Examine how Command Line Arguments affects the performance of a Java program.,Analyze
String Pool,Apply String Pool to write a Java program that takes user input and produces output.,Apply
Lambda Expressions,"Recommend, with justification, when Lambda Expressions should be used in Java.",Evaluate
Try-Catch-Finally,Identify the keyword used for Try-Catch-Finally in Java.,Remember
Functional Interfaces,Develop a Java program that uses Functional Interfaces to handle a given scenario.,Apply
Byte Streams,"Recommend, with justification, when Byte Streams should be used in Java.",Evaluate
Association,What are the components of Association in Java?,Remember
Variables,Analyze a given Java code segment using Variables and explain its behaviour.,Analyze
Enhanced For Loop,Build a Java solution that uses Enhanced For Loop and explain your design choices.,Create
ClassLoaderBasics,Critically assess the advantages and limitations of ClassLoaderBasics in Java.,Evaluate
Is-A Relationship,Construct a Java program that combines Is-A Relationship with exception handling to build a robust solution.,Create
Static Binding,Investigate the common errors that occur while using Static Binding in Java.,Analyze
Final Keyword,Analyze how Final Keyword interacts with other features of Java.,Analyze
Vector,"Using Vector, write a program to solve a simple problem in Java.",Apply
Jagged Arrays,Develop a complete Java application that uses Jagged Arrays along with other concepts.,Create
Collections Framework,"Determine whether Collections Framework improves or harms the efficiency of a Java program, and justify.",Evaluate
Functional Interfaces,Analyze a given Java code segment using Functional Interfaces and explain its behaviour.,Analyze
Final Keyword,Critically assess the advantages and limitations of Final Keyword in Java.,Evaluate
Recursion,Evaluate the effectiveness of using Recursion in a Java application.,Evaluate
Labeled Loops,Break down the working of Labeled Loops in Java and analyze each step.,Analyze
ClassLoaderBasics,Analyze the output of a Java program that uses ClassLoaderBasics.,Analyze
Runnable Interface,Use Runnable Interface to implement a small Java application.,Apply
Annotations,Show how Annotations can be used in a Java program to perform a task.,Apply
Operators,What are the components of Operators in Java?,Remember
Scanner Class,Argue for or against the use of Scanner Class in a given Java scenario.,Evaluate
Enum,Write a Java program to demonstrate Enum.,Apply
Aggregation,"Recommend, with justification, when Aggregation should be used in Java.",Evaluate
Variables,Define Variables in Java.,Remember
Switch Statement,State two characteristics of Switch Statement in Java.,Remember
Bytecode,Demonstrate the use of Bytecode through a Java program.,Apply
equals and hashCode,Why is equals and hashCode used in Java? Explain.,Understand
Garbage Collection,Analyze why a Java program using Garbage Collection may produce unexpected results.,Analyze
ClassLoaderBasics,Justify whether ClassLoaderBasics is the best choice for a given Java programming problem.,Evaluate
Abstraction,Examine how Abstraction affects the performance of a Java program.,Analyze
Annotations,Evaluate the effectiveness of using Annotations in a Java application.,Evaluate
Has-A Relationship,Inspect a Java program using Has-A Relationship and identify the logical flow.,Analyze
Control Statements,List the key features of Control Statements in Java.,Remember
Final Keyword,Analyze why a Java program using Final Keyword may produce unexpected results.,Analyze
Vector,Describe how Vector works in Java.,Understand
Dynamic Binding,Analyze the time complexity of operations involving Dynamic Binding in Java.,Analyze
Nested Classes,Mention the purpose of Nested Classes in Java.,Remember
Anonymous Classes,Analyze the time complexity of operations involving Anonymous Classes in Java.,Analyze
JVM Architecture,Examine how JVM Architecture affects the performance of a Java program.,Analyze
Inheritance,"Recommend, with justification, when Inheritance should be used in Java.",Evaluate
Runnable Interface,List the rules for using Runnable Interface in Java.,Remember
Lambda Expressions,Recall the default value associated with Lambda Expressions in Java.,Remember
Bytecode,Apply the concept of Bytecode to complete a partially written Java program.,Apply
Arrays,Critique a design decision that relies on Arrays in Java.,Evaluate
Inheritance,Give reasons why Inheritance is important in Java.,Understand
Generics,Evaluate two different approaches to implementing Generics in Java and recommend one.,Evaluate
JVM Architecture,Identify the keyword used for JVM Architecture in Java.,Remember
Loops,"Determine whether Loops improves or harms the efficiency of a Java program, and justify.",Evaluate
Bytecode,Write the general form of Bytecode in Java.,Remember
Generics,Create a new Java class hierarchy that demonstrates Generics.,Create
Data Types,Explain the working of Data Types in Java in your own words.,Understand
Byte Streams,Summarize the role of Byte Streams in Java programming.,Understand
Comparable and Comparator,Identify the keyword used for Comparable and Comparator in Java.,Remember
File Handling,List the rules for using File Handling in Java.,Remember
Strings,Propose and implement an original Java solution using Strings.,Create
Scanner Class,Summarize the role of Scanner Class in Java programming.,Understand
Enhanced For Loop,Analyze why a Java program using Enhanced For Loop may produce unexpected results.,Analyze
Aggregation,Apply the concept of Aggregation to complete a partially written Java program.,Apply
Try-Catch-Finally,Explain the concept of Try-Catch-Finally in Java with an example.,Understand
Default Methods,What are the components of Default Methods in Java?,Remember
Loops,Develop a complete Java application that uses Loops along with other concepts.,Create
Thread Lifecycle,State two characteristics of Thread Lifecycle in Java.,Remember
Generics,Propose and implement an original Java solution using Generics.,Create
Java I/O,Evaluate the correctness and quality of a Java solution that uses Java I/O.,Evaluate
Serialization,Write and execute a Java program illustrating Serialization.,Apply
ClassLoaderBasics,List the rules for using ClassLoaderBasics in Java.,Remember
Regular Expressions,Compare Regular Expressions with a related concept in Java and analyze the differences.,Analyze
Constructor Overloading,Analyze why a Java program using Constructor Overloading may produce unexpected results.,Analyze
HashSet,What are the components of HashSet in Java?,Remember
Ternary Operator,Analyze the output of a Java program that uses Ternary Operator.,Analyze
Comparable and Comparator,Differentiate between Comparable and Comparator and a related concept in Java.,Understand
Garbage Collection,Mention the purpose of Garbage Collection in Java.,Remember
Jagged Arrays,Classify the different forms of Jagged Arrays in Java and explain each.,Understand
Interfaces,Break down the working of Interfaces in Java and analyze each step.,Analyze
Aggregation,"Determine whether Aggregation improves or harms the efficiency of a Java program, and justify.",Evaluate
Operators,List the rules for using Operators in Java.,Remember
Type Casting,Explain how Type Casting differs from its alternatives in Java.,Understand
Throw and Throws,Argue for or against the use of Throw and Throws in a given Java scenario.,Evaluate
Has-A Relationship,State the syntax of Has-A Relationship in Java.,Remember
Command Line Arguments,Formulate a Java mini-project that showcases Command Line Arguments.,Create
Queue,Design and build a Java module that applies Queue effectively.,Create
Regular Expressions,Evaluate the effectiveness of using Regular Expressions in a Java application.,Evaluate
Singleton Class,Critique a design decision that relies on Singleton Class in Java.,Evaluate
Regular Expressions,Formulate a Java mini-project that showcases Regular Expressions.,Create
Comparable and Comparator,Discuss the significance of Comparable and Comparator in Java.,Understand
Marker Interface,Apply Marker Interface to write a Java program that takes user input and produces output.,Apply
Ternary Operator,Explain the working of Ternary Operator in Java in your own words.,Understand
Math Class,"Recommend, with justification, when Math Class should be used in Java.",Evaluate
JDK and JRE,Show how JDK and JRE can be used in a Java program to perform a task.,Apply
toString Method,Apply toString Method to write a Java program that takes user input and produces output.,Apply
Multidimensional Arrays,Recall the default value associated with Multidimensional Arrays in Java.,Remember
Functional Interfaces,Write the general form of Functional Interfaces in Java.,Remember
Is-A Relationship,Implement Is-A Relationship in Java with a working code example.,Apply
Enum,Explain how Enum differs from its alternatives in Java.,Understand
Strings,Create a new Java class hierarchy that demonstrates Strings.,Create
Stream API,Propose and implement an original Java solution using Stream API.,Create
Deque,Judge the suitability of Deque for a large-scale Java project.,Evaluate
Is-A Relationship,Create a Java application that uses Is-A Relationship to manage data for a small system.,Create
Immutable Class,Evaluate the trade-offs involved in using Immutable Class in Java.,Evaluate
Marker Interface,Explain the working of Marker Interface in Java in your own words.,Understand
Default Methods,Argue for or against the use of Default Methods in a given Java scenario.,Evaluate
Recursion,Evaluate two different approaches to implementing Recursion in Java and recommend one.,Evaluate
Immutable Class,"Recommend, with justification, when Immutable Class should be used in Java.",Evaluate
BufferedReader,Design and build a Java module that applies BufferedReader effectively.,Create
Regular Expressions,Judge the suitability of Regular Expressions for a large-scale Java project.,Evaluate
Abstract Classes,List the rules for using Abstract Classes in Java.,Remember
Singleton Class,Create a Java application that uses Singleton Class to manage data for a small system.,Create
Marker Interface,Explain how Marker Interface differs from its alternatives in Java.,Understand
HashSet,Evaluate the effectiveness of using HashSet in a Java application.,Evaluate
Byte Streams,Interpret the behaviour of Byte Streams in Java with a suitable example.,Understand
Constructor Overloading,Judge the suitability of Constructor Overloading for a large-scale Java project.,Evaluate
HashMap,Develop a Java program that uses HashMap to handle a given scenario.,Apply
Vector,Evaluate the effectiveness of using Vector in a Java application.,Evaluate
Character Streams,Explain the advantages of using Character Streams in Java.,Understand
Polymorphism,Mention the purpose of Polymorphism in Java.,Remember
Constructor Overloading,Describe how Constructor Overloading works in Java.,Understand
Bitwise Operators,Examine the relationship between Bitwise Operators and memory usage in Java.,Analyze
Recursion,Examine the relationship between Recursion and memory usage in Java.,Analyze
Method Overloading,Examine the relationship between Method Overloading and memory usage in Java.,Analyze
Wrapper Classes,Why is Wrapper Classes used in Java? Explain.,Understand
Operators,State the syntax of Operators in Java.,Remember
LinkedList,Propose and implement an original Java solution using LinkedList.,Create
super Keyword,Explain the concept of super Keyword in Java with an example.,Understand
Switch Statement,Write and execute a Java program illustrating Switch Statement.,Apply
Association,Use Association to implement a small Java application.,Apply
Nested Classes,Create a Java application that uses Nested Classes to manage data for a small system.,Create
Constructor Overloading,Design a Java program that integrates Constructor Overloading to solve a real-world problem.,Create
Recursion,Construct a Java program that combines Recursion with exception handling to build a robust solution.,Create
Default Methods,Construct a Java program that combines Default Methods with exception handling to build a robust solution.,Create
Encapsulation,Explain the concept of Encapsulation in Java with an example.,Understand
equals and hashCode,Write and execute a Java program illustrating equals and hashCode.,Apply
Type Casting,Construct a Java program that combines Type Casting with exception handling to build a robust solution.,Create
Command Line Arguments,Examine the relationship between Command Line Arguments and memory usage in Java.,Analyze
Association,Describe how Association works in Java.,Understand
Interfaces,What are the components of Interfaces in Java?,Remember
super Keyword,"Determine whether super Keyword improves or harms the efficiency of a Java program, and justify.",Evaluate
equals and hashCode,Describe how equals and hashCode works in Java.,Understand
equals and hashCode,What is equals and hashCode in Java?,Remember
Scanner Class,List the key features of Scanner Class in Java.,Remember
Data Types,Write a Java program to demonstrate Data Types.,Apply
Runnable Interface,Design and build a Java module that applies Runnable Interface effectively.,Create
Strings,Explain how Strings differs from its alternatives in Java.,Understand
Jagged Arrays,Design a Java program that integrates Jagged Arrays to solve a real-world problem.,Create
Character Streams,Devise a Java program that uses Character Streams to implement a custom feature.,Create
Method Overloading,Identify the keyword used for Method Overloading in Java.,Remember
Garbage Collection,State two characteristics of Garbage Collection in Java.,Remember
LinkedList,Compare LinkedList with a related concept in Java and analyze the differences.,Analyze
Aggregation,Implement Aggregation in Java with a working code example.,Apply
Enhanced For Loop,Analyze the output of a Java program that uses Enhanced For Loop.,Analyze
Byte Streams,Formulate a Java mini-project that showcases Byte Streams.,Create
Multidimensional Arrays,Discuss the significance of Multidimensional Arrays in Java.,Understand
Runnable Interface,Propose and implement an original Java solution using Runnable Interface.,Create
Control Statements,Critique a design decision that relies on Control Statements in Java.,Evaluate
Custom Exceptions,Explain the concept of Custom Exceptions in Java with an example.,Understand
TreeMap,Develop a complete Java application that uses TreeMap along with other concepts.,Create
Dynamic Binding,Write a Java program to demonstrate Dynamic Binding.,Apply
Runnable Interface,Examine how Runnable Interface affects the performance of a Java program.,Analyze
Method Overriding,Evaluate the correctness and quality of a Java solution that uses Method Overriding.,Evaluate
HashMap,Argue for or against the use of HashMap in a given Java scenario.,Evaluate
Association,Judge the suitability of Association for a large-scale Java project.,Evaluate
Collections Framework,Inspect a Java program using Collections Framework and identify the logical flow.,Analyze
String Pool,Justify whether String Pool is the best choice for a given Java programming problem.,Evaluate
Command Line Arguments,Identify the keyword used for Command Line Arguments in Java.,Remember
Dynamic Binding,Write the general form of Dynamic Binding in Java.,Remember
Static Keyword,Recall the default value associated with Static Keyword in Java.,Remember
Math Class,Mention the purpose of Math Class in Java.,Remember
Deque,Evaluate the trade-offs involved in using Deque in Java.,Evaluate
ArrayList,Explain the working of ArrayList in Java in your own words.,Understand
Multithreading,Differentiate between Multithreading and a related concept in Java.,Understand
Annotations,"Recommend, with justification, when Annotations should be used in Java.",Evaluate
Default Methods,Explain the concept of Default Methods in Java with an example.,Understand
Runnable Interface,Name the types of Runnable Interface available in Java.,Remember
JDK and JRE,Inspect a Java program using JDK and JRE and identify the logical flow.,Analyze
Association,Recall the default value associated with Association in Java.,Remember
JDK and JRE,Design a Java program that integrates JDK and JRE to solve a real-world problem.,Create
Serialization,What are the components of Serialization in Java?,Remember
Switch Statement,Build a Java solution that uses Switch Statement and explain your design choices.,Create
Recursion,Compare Recursion with a related concept in Java and analyze the differences.,Analyze
Functional Interfaces,Evaluate the correctness and quality of a Java solution that uses Functional Interfaces.,Evaluate
Data Types,Explain how Data Types differs from its alternatives in Java.,Understand
Aggregation,Examine the relationship between Aggregation and memory usage in Java.,Analyze
Exception Handling,Investigate the common errors that occur while using Exception Handling in Java.,Analyze
Inner Classes,Implement Inner Classes in Java with a working code example.,Apply
Thread Synchronization,Analyze the time complexity of operations involving Thread Synchronization in Java.,Analyze
Immutable Class,Investigate the common errors that occur while using Immutable Class in Java.,Analyze
Variables,Give reasons why Variables is important in Java.,Understand
Inner Classes,Build a Java solution that uses Inner Classes and explain your design choices.,Create
Scanner Class,Implement Scanner Class in Java with a working code example.,Apply
Type Casting,Analyze the time complexity of operations involving Type Casting in Java.,Analyze
Nested Classes,Formulate a Java mini-project that showcases Nested Classes.,Create
Regular Expressions,Develop a Java program that uses Regular Expressions to handle a given scenario.,Apply
Regular Expressions,Devise a Java program that uses Regular Expressions to implement a custom feature.,Create
Bitwise Operators,Evaluate the trade-offs involved in using Bitwise Operators in Java.,Evaluate
Enhanced For Loop,Write a Java program to demonstrate Enhanced For Loop.,Apply
Date and Time API,Apply Date and Time API to write a Java program that takes user input and produces output.,Apply
Bytecode,Investigate the common errors that occur while using Bytecode in Java.,Analyze
Constructors,Apply the concept of Constructors to complete a partially written Java program.,Apply
Generics,Write the general form of Generics in Java.,Remember
Vector,Judge the suitability of Vector for a large-scale Java project.,Evaluate
Classes and Objects,Differentiate between Classes and Objects and a related concept in Java.,Understand
Comparable and Comparator,Develop a complete Java application that uses Comparable and Comparator along with other concepts.,Create
Constructor Overloading,Name the types of Constructor Overloading available in Java.,Remember
Scanner Class,Discuss the significance of Scanner Class in Java.,Understand
Stack,Explain how Stack differs from its alternatives in Java.,Understand
Loops,Judge the suitability of Loops for a large-scale Java project.,Evaluate
Vector,Differentiate between Vector and a related concept in Java.,Understand
Arrays,Inspect a Java program using Arrays and identify the logical flow.,Analyze
Static Binding,Write the general form of Static Binding in Java.,Remember
Control Statements,Analyze why a Java program using Control Statements may produce unexpected results.,Analyze
TreeMap,Propose and implement an original Java solution using TreeMap.,Create
Polymorphism,Examine how Polymorphism affects the performance of a Java program.,Analyze
equals and hashCode,Explain the working of equals and hashCode in Java in your own words.,Understand
Methods,Critically assess the advantages and limitations of Methods in Java.,Evaluate
Singleton Class,Apply the concept of Singleton Class to complete a partially written Java program.,Apply
Default Methods,Why is Default Methods used in Java? Explain.,Understand
Composition,Apply the concept of Composition to complete a partially written Java program.,Apply
Association,Apply Association to write a Java program that takes user input and produces output.,Apply
Packages,What are the components of Packages in Java?,Remember
Methods,Recall the default value associated with Methods in Java.,Remember
Command Line Arguments,Construct a Java program that applies Command Line Arguments to process data.,Apply
String Buffer and Builder,Differentiate between String Buffer and Builder and a related concept in Java.,Understand
Wrapper Classes,Write a Java code snippet that makes use of Wrapper Classes.,Apply
Anonymous Classes,Use Anonymous Classes to implement a small Java application.,Apply
Scanner Class,Design a Java program that integrates Scanner Class to solve a real-world problem.,Create
Custom Exceptions,Demonstrate the use of Custom Exceptions through a Java program.,Apply
Queue,Why is Queue used in Java? Explain.,Understand
super Keyword,Interpret the behaviour of super Keyword in Java with a suitable example.,Understand
Wrapper Classes,Develop a complete Java application that uses Wrapper Classes along with other concepts.,Create
JDK and JRE,Recall the default value associated with JDK and JRE in Java.,Remember
Character Streams,Investigate the common errors that occur while using Character Streams in Java.,Analyze
Variable Scope,Inspect a Java program using Variable Scope and identify the logical flow.,Analyze
Autoboxing,Discuss the significance of Autoboxing in Java.,Understand
Access Modifiers,Critically assess the advantages and limitations of Access Modifiers in Java.,Evaluate
Try-Catch-Finally,Compare Try-Catch-Finally with a related concept in Java and analyze the differences.,Analyze
StringTokenizer,List the rules for using StringTokenizer in Java.,Remember
Java Memory Model,Argue for or against the use of Java Memory Model in a given Java scenario.,Evaluate
equals and hashCode,Classify the different forms of equals and hashCode in Java and explain each.,Understand
HashMap,Assess the impact of HashMap on the maintainability of Java code.,Evaluate
Jagged Arrays,Examine the relationship between Jagged Arrays and memory usage in Java.,Analyze
Thread Lifecycle,Compare Thread Lifecycle with a related concept in Java and analyze the differences.,Analyze
Bytecode,List the key features of Bytecode in Java.,Remember
Association,Analyze why a Java program using Association may produce unexpected results.,Analyze
Packages,Investigate the common errors that occur while using Packages in Java.,Analyze
Annotations,Write the general form of Annotations in Java.,Remember
Abstract Classes,Describe how Abstract Classes works in Java.,Understand
StringTokenizer,Examine the relationship between StringTokenizer and memory usage in Java.,Analyze
Access Modifiers,State two characteristics of Access Modifiers in Java.,Remember
Method Overloading,Design a Java program using Method Overloading to model a real-life entity.,Create
super Keyword,Evaluate two different approaches to implementing super Keyword in Java and recommend one.,Evaluate
Date and Time API,Give reasons why Date and Time API is important in Java.,Understand
Aggregation,Argue for or against the use of Aggregation in a given Java scenario.,Evaluate
JVM Architecture,Analyze why a Java program using JVM Architecture may produce unexpected results.,Analyze
Wrapper Classes,Classify the different forms of Wrapper Classes in Java and explain each.,Understand
Composition,Distinguish between correct and incorrect uses of Composition in Java with analysis.,Analyze
Immutable Class,Evaluate two different approaches to implementing Immutable Class in Java and recommend one.,Evaluate
Static Binding,Create a new Java class hierarchy that demonstrates Static Binding.,Create
JVM Architecture,Construct a Java program that combines JVM Architecture with exception handling to build a robust solution.,Create
Autoboxing,Judge the suitability of Autoboxing for a large-scale Java project.,Evaluate
Variable Scope,Evaluate the effectiveness of using Variable Scope in a Java application.,Evaluate
Aggregation,Critically assess the advantages and limitations of Aggregation in Java.,Evaluate
Polymorphism,Explain the advantages of using Polymorphism in Java.,Understand
Math Class,Design and build a Java module that applies Math Class effectively.,Create
Iterator,Investigate the common errors that occur while using Iterator in Java.,Analyze
this Keyword,Explain how this Keyword differs from its alternatives in Java.,Understand
String Buffer and Builder,"Using String Buffer and Builder, write a program to solve a simple problem in Java.",Apply
Abstraction,Distinguish between correct and incorrect uses of Abstraction in Java with analysis.,Analyze
Labeled Loops,Explain the working of Labeled Loops in Java in your own words.,Understand
HashSet,Demonstrate the use of HashSet through a Java program.,Apply
Operators,Write a Java program to demonstrate Operators.,Apply
Switch Statement,Identify the keyword used for Switch Statement in Java.,Remember
LinkedList,Develop an innovative Java program that extends the usual use of LinkedList.,Create
Constructor Overloading,Explain the concept of Constructor Overloading in Java with an example.,Understand
Thread Lifecycle,Explain the working of Thread Lifecycle in Java in your own words.,Understand
Method Overloading,Mention the purpose of Method Overloading in Java.,Remember
Runnable Interface,Formulate a Java mini-project that showcases Runnable Interface.,Create
super Keyword,Name the types of super Keyword available in Java.,Remember
Dynamic Binding,Explain how Dynamic Binding differs from its alternatives in Java.,Understand
Polymorphism,Design a Java program using Polymorphism to model a real-life entity.,Create
Ternary Operator,Design a Java program that integrates Ternary Operator to solve a real-world problem.,Create
Ternary Operator,Apply Ternary Operator to write a Java program that takes user input and produces output.,Apply
Marker Interface,Analyze the time complexity of operations involving Marker Interface in Java.,Analyze
Arrays,Critically assess the advantages and limitations of Arrays in Java.,Evaluate
Interfaces,Write a Java code snippet that makes use of Interfaces.,Apply
Packages,Develop a complete Java application that uses Packages along with other concepts.,Create
Character Streams,Discuss the significance of Character Streams in Java.,Understand
StringTokenizer,What are the components of StringTokenizer in Java?,Remember
Type Casting,Design a Java program that integrates Type Casting to solve a real-world problem.,Create
Jagged Arrays,Evaluate the correctness and quality of a Java solution that uses Jagged Arrays.,Evaluate
Control Statements,Apply Control Statements to write a Java program that takes user input and produces output.,Apply
HashMap,Demonstrate the use of HashMap through a Java program.,Apply
Abstract Classes,Analyze the time complexity of operations involving Abstract Classes in Java.,Analyze
Serialization,Classify the different forms of Serialization in Java and explain each.,Understand
Constructor Overloading,Explain the working of Constructor Overloading in Java in your own words.,Understand
Date and Time API,Create a Java application that uses Date and Time API to manage data for a small system.,Create
Variables,Use Variables to implement a small Java application.,Apply
Multithreading,Classify the different forms of Multithreading in Java and explain each.,Understand
Labeled Loops,Build a Java solution that uses Labeled Loops and explain your design choices.,Create
toString Method,Write a Java code snippet that makes use of toString Method.,Apply
Variable Scope,What is Variable Scope in Java?,Remember
Java I/O,Explain the working of Java I/O in Java in your own words.,Understand
Constructor Overloading,Use Constructor Overloading to implement a small Java application.,Apply
String Pool,Formulate a Java mini-project that showcases String Pool.,Create
Custom Exceptions,Formulate a Java mini-project that showcases Custom Exceptions.,Create
Date and Time API,State the syntax of Date and Time API in Java.,Remember
Thread Synchronization,Explain the concept of Thread Synchronization in Java with an example.,Understand
Stack,Construct a Java program that combines Stack with exception handling to build a robust solution.,Create
Jagged Arrays,Develop an innovative Java program that extends the usual use of Jagged Arrays.,Create
StringTokenizer,Analyze why a Java program using StringTokenizer may produce unexpected results.,Analyze
Aggregation,Define Aggregation in Java.,Remember
Enhanced For Loop,Analyze a given Java code segment using Enhanced For Loop and explain its behaviour.,Analyze
Dynamic Binding,Justify whether Dynamic Binding is the best choice for a given Java programming problem.,Evaluate
LinkedList,Assess the impact of LinkedList on the maintainability of Java code.,Evaluate
Inheritance,Evaluate the trade-offs involved in using Inheritance in Java.,Evaluate
Dynamic Binding,Inspect a Java program using Dynamic Binding and identify the logical flow.,Analyze
Byte Streams,Differentiate between Byte Streams and a related concept in Java.,Understand
Byte Streams,List the key features of Byte Streams in Java.,Remember
Bytecode,Explain how Bytecode differs from its alternatives in Java.,Understand
Recursion,List the rules for using Recursion in Java.,Remember
Jagged Arrays,Justify whether Jagged Arrays is the best choice for a given Java programming problem.,Evaluate
Default Methods,Design a Java program using Default Methods to model a real-life entity.,Create
Anonymous Classes,Design a Java program using Anonymous Classes to model a real-life entity.,Create
Character Streams,Identify the keyword used for Character Streams in Java.,Remember
Data Types,Develop an innovative Java program that extends the usual use of Data Types.,Create
Has-A Relationship,Explain the working of Has-A Relationship in Java in your own words.,Understand
Operators,Write the general form of Operators in Java.,Remember
Try-Catch-Finally,Construct a Java program that applies Try-Catch-Finally to process data.,Apply
Has-A Relationship,Differentiate between Has-A Relationship and a related concept in Java.,Understand
Default Methods,Apply the concept of Default Methods to complete a partially written Java program.,Apply
Arrays,Devise a Java program that uses Arrays to implement a custom feature.,Create
Var-args,Propose and implement an original Java solution using Var-args.,Create
Multidimensional Arrays,Inspect a Java program using Multidimensional Arrays and identify the logical flow.,Analyze
Java Memory Model,Analyze a given Java code segment using Java Memory Model and explain its behaviour.,Analyze
Annotations,Propose and implement an original Java solution using Annotations.,Create
Lambda Expressions,"Using Lambda Expressions, write a program to solve a simple problem in Java.",Apply
Iterator,Argue for or against the use of Iterator in a given Java scenario.,Evaluate
Inheritance,"Using Inheritance, write a program to solve a simple problem in Java.",Apply
Byte Streams,Write the general form of Byte Streams in Java.,Remember
Date and Time API,Why is Date and Time API used in Java? Explain.,Understand
Strings,"Determine whether Strings improves or harms the efficiency of a Java program, and justify.",Evaluate
Character Streams,Develop a complete Java application that uses Character Streams along with other concepts.,Create
Iterator,Evaluate the trade-offs involved in using Iterator in Java.,Evaluate
StringTokenizer,Give reasons why StringTokenizer is important in Java.,Understand
Java Memory Model,Develop a complete Java application that uses Java Memory Model along with other concepts.,Create
equals and hashCode,Explain how equals and hashCode differs from its alternatives in Java.,Understand
Collections Framework,Critically assess the advantages and limitations of Collections Framework in Java.,Evaluate
Comparable and Comparator,Name the types of Comparable and Comparator available in Java.,Remember
Runnable Interface,Demonstrate the use of Runnable Interface through a Java program.,Apply
Enhanced For Loop,Judge the suitability of Enhanced For Loop for a large-scale Java project.,Evaluate
Recursion,Develop an innovative Java program that extends the usual use of Recursion.,Create
Java Memory Model,Formulate a Java mini-project that showcases Java Memory Model.,Create
Custom Exceptions,Evaluate the trade-offs involved in using Custom Exceptions in Java.,Evaluate
Operators,Give reasons why Operators is important in Java.,Understand
Autoboxing,Why is Autoboxing used in Java? Explain.,Understand
Operators,Design a Java program using Operators to model a real-life entity.,Create
Wrapper Classes,Build a Java solution that uses Wrapper Classes and explain your design choices.,Create
Constructor Overloading,Mention the purpose of Constructor Overloading in Java.,Remember
Garbage Collection,Distinguish between correct and incorrect uses of Garbage Collection in Java with analysis.,Analyze
Try-Catch-Finally,Show how Try-Catch-Finally can be used in a Java program to perform a task.,Apply
Exception Handling,State two characteristics of Exception Handling in Java.,Remember
Deque,Explain the concept of Deque in Java with an example.,Understand
Composition,Devise a Java program that uses Composition to implement a custom feature.,Create
Nested Classes,State two characteristics of Nested Classes in Java.,Remember
BufferedReader,"Using BufferedReader, write a program to solve a simple problem in Java.",Apply
Static Keyword,Mention the purpose of Static Keyword in Java.,Remember
Association,"Using Association, write a program to solve a simple problem in Java.",Apply
BufferedReader,Develop a complete Java application that uses BufferedReader along with other concepts.,Create
Singleton Class,Build a Java solution that uses Singleton Class and explain your design choices.,Create
Functional Interfaces,Evaluate two different approaches to implementing Functional Interfaces in Java and recommend one.,Evaluate
Constructor Overloading,Evaluate the correctness and quality of a Java solution that uses Constructor Overloading.,Evaluate
Packages,Analyze how Packages interacts with other features of Java.,Analyze
Thread Synchronization,Apply Thread Synchronization to write a Java program that takes user input and produces output.,Apply
Byte Streams,List the rules for using Byte Streams in Java.,Remember
super Keyword,Create a Java application that uses super Keyword to manage data for a small system.,Create
Static Keyword,Assess the impact of Static Keyword on the maintainability of Java code.,Evaluate
Comparable and Comparator,Summarize the role of Comparable and Comparator in Java programming.,Understand
Encapsulation,Build a Java solution that uses Encapsulation and explain your design choices.,Create
Date and Time API,Develop a complete Java application that uses Date and Time API along with other concepts.,Create
Labeled Loops,Develop a Java program that uses Labeled Loops to handle a given scenario.,Apply
Default Methods,Devise a Java program that uses Default Methods to implement a custom feature.,Create
Abstract Classes,Explain how Abstract Classes differs from its alternatives in Java.,Understand
Java Memory Model,Evaluate the correctness and quality of a Java solution that uses Java Memory Model.,Evaluate
toString Method,Use toString Method to implement a small Java application.,Apply
HashSet,Apply HashSet to write a Java program that takes user input and produces output.,Apply
BufferedReader,Construct a Java program that applies BufferedReader to process data.,Apply
Vector,Define Vector in Java.,Remember
Bytecode,Analyze why a Java program using Bytecode may produce unexpected results.,Analyze
Composition,Create a new Java class hierarchy that demonstrates Composition.,Create
Scanner Class,Design a Java program using Scanner Class to model a real-life entity.,Create
Is-A Relationship,Write the general form of Is-A Relationship in Java.,Remember
Scanner Class,Demonstrate the use of Scanner Class through a Java program.,Apply
Object Class,Inspect a Java program using Object Class and identify the logical flow.,Analyze
Regular Expressions,Analyze why a Java program using Regular Expressions may produce unexpected results.,Analyze
Custom Exceptions,Design a Java program using Custom Exceptions to model a real-life entity.,Create
Queue,"Recommend, with justification, when Queue should be used in Java.",Evaluate
Vector,Explain the concept of Vector in Java with an example.,Understand
ArrayList,Write the general form of ArrayList in Java.,Remember
Ternary Operator,Judge the suitability of Ternary Operator for a large-scale Java project.,Evaluate
Dynamic Binding,Recall the default value associated with Dynamic Binding in Java.,Remember
Stack,Build a Java solution that uses Stack and explain your design choices.,Create
StringTokenizer,Judge the suitability of StringTokenizer for a large-scale Java project.,Evaluate
Immutable Class,Develop a Java program that uses Immutable Class to handle a given scenario.,Apply
Static Keyword,"Recommend, with justification, when Static Keyword should be used in Java.",Evaluate
Marker Interface,Apply the concept of Marker Interface to complete a partially written Java program.,Apply
Data Types,Demonstrate the use of Data Types through a Java program.,Apply
Inheritance,Design a Java program using Inheritance to model a real-life entity.,Create
Ternary Operator,Define Ternary Operator in Java.,Remember
HashMap,Inspect a Java program using HashMap and identify the logical flow.,Analyze
Arrays,Construct a Java program that applies Arrays to process data.,Apply
Scanner Class,Explain the working of Scanner Class in Java in your own words.,Understand
Is-A Relationship,Define Is-A Relationship in Java.,Remember
Arrays,Analyze why a Java program using Arrays may produce unexpected results.,Analyze
Method Overriding,Give reasons why Method Overriding is important in Java.,Understand
super Keyword,Devise a Java program that uses super Keyword to implement a custom feature.,Create
Final Keyword,Construct a Java program that applies Final Keyword to process data.,Apply
Comparable and Comparator,Judge the suitability of Comparable and Comparator for a large-scale Java project.,Evaluate
Scanner Class,Critique a design decision that relies on Scanner Class in Java.,Evaluate
Throw and Throws,Create a Java application that uses Throw and Throws to manage data for a small system.,Create
BufferedReader,Analyze how BufferedReader interacts with other features of Java.,Analyze
Autoboxing,Analyze the time complexity of operations involving Autoboxing in Java.,Analyze
Abstraction,Write and execute a Java program illustrating Abstraction.,Apply
Association,Design and build a Java module that applies Association effectively.,Create
Constructors,Design a Java program using Constructors to model a real-life entity.,Create
Operators,Mention the purpose of Operators in Java.,Remember
Strings,List the rules for using Strings in Java.,Remember
Interfaces,Analyze the time complexity of operations involving Interfaces in Java.,Analyze
Nested Classes,Construct a Java program that applies Nested Classes to process data.,Apply
Thread Lifecycle,Show how Thread Lifecycle can be used in a Java program to perform a task.,Apply
Java Memory Model,Examine how Java Memory Model affects the performance of a Java program.,Analyze
ArrayList,Interpret the behaviour of ArrayList in Java with a suitable example.,Understand
Inner Classes,Evaluate the effectiveness of using Inner Classes in a Java application.,Evaluate
Bitwise Operators,List the rules for using Bitwise Operators in Java.,Remember
Control Statements,What are the components of Control Statements in Java?,Remember
Java Memory Model,Inspect a Java program using Java Memory Model and identify the logical flow.,Analyze
equals and hashCode,Assess the impact of equals and hashCode on the maintainability of Java code.,Evaluate
Method Overloading,Formulate a Java mini-project that showcases Method Overloading.,Create
Thread Synchronization,"Using Thread Synchronization, write a program to solve a simple problem in Java.",Apply
this Keyword,"Determine whether this Keyword improves or harms the efficiency of a Java program, and justify.",Evaluate
Arrays,Break down the working of Arrays in Java and analyze each step.,Analyze
Composition,"Using Composition, write a program to solve a simple problem in Java.",Apply
Variables,Recall the default value associated with Variables in Java.,Remember
BufferedReader,Evaluate two different approaches to implementing BufferedReader in Java and recommend one.,Evaluate
Method Overloading,State two characteristics of Method Overloading in Java.,Remember
Exception Handling,Apply the concept of Exception Handling to complete a partially written Java program.,Apply
Variable Scope,Write a Java code snippet that makes use of Variable Scope.,Apply
Bitwise Operators,Evaluate the effectiveness of using Bitwise Operators in a Java application.,Evaluate
Inheritance,State two characteristics of Inheritance in Java.,Remember
File Handling,Apply the concept of File Handling to complete a partially written Java program.,Apply
Has-A Relationship,Formulate a Java mini-project that showcases Has-A Relationship.,Create
TreeMap,"Determine whether TreeMap improves or harms the efficiency of a Java program, and justify.",Evaluate
Static Binding,Assess the impact of Static Binding on the maintainability of Java code.,Evaluate
equals and hashCode,Create a Java application that uses equals and hashCode to manage data for a small system.,Create
File Handling,Explain the advantages of using File Handling in Java.,Understand
Abstraction,Design a Java program that integrates Abstraction to solve a real-world problem.,Create
Operators,Describe how Operators works in Java.,Understand
Multidimensional Arrays,Construct a Java program that applies Multidimensional Arrays to process data.,Apply
Packages,Design a Java program using Packages to model a real-life entity.,Create
ClassLoaderBasics,Devise a Java program that uses ClassLoaderBasics to implement a custom feature.,Create
Method Overriding,Examine the relationship between Method Overriding and memory usage in Java.,Analyze
equals and hashCode,Analyze the time complexity of operations involving equals and hashCode in Java.,Analyze
Inner Classes,Discuss the significance of Inner Classes in Java.,Understand
Custom Exceptions,Explain the advantages of using Custom Exceptions in Java.,Understand
Thread Synchronization,Formulate a Java mini-project that showcases Thread Synchronization.,Create
Labeled Loops,Write a Java code snippet that makes use of Labeled Loops.,Apply
String Buffer and Builder,Argue for or against the use of String Buffer and Builder in a given Java scenario.,Evaluate
Access Modifiers,Compare Access Modifiers with a related concept in Java and analyze the differences.,Analyze
Packages,Create a Java application that uses Packages to manage data for a small system.,Create
Annotations,Analyze the output of a Java program that uses Annotations.,Analyze
Var-args,Distinguish between correct and incorrect uses of Var-args in Java with analysis.,Analyze
Variable Scope,Evaluate the correctness and quality of a Java solution that uses Variable Scope.,Evaluate
Immutable Class,Explain the concept of Immutable Class in Java with an example.,Understand
File Handling,Build a Java solution that uses File Handling and explain your design choices.,Create
JDK and JRE,Construct a Java program that applies JDK and JRE to process data.,Apply
Final Keyword,Apply Final Keyword to write a Java program that takes user input and produces output.,Apply
Labeled Loops,Examine how Labeled Loops affects the performance of a Java program.,Analyze
Thread Synchronization,Explain the working of Thread Synchronization in Java in your own words.,Understand
HashSet,Analyze the output of a Java program that uses HashSet.,Analyze
Method Overriding,Explain how Method Overriding differs from its alternatives in Java.,Understand
Singleton Class,Analyze a given Java code segment using Singleton Class and explain its behaviour.,Analyze
Abstraction,Differentiate between Abstraction and a related concept in Java.,Understand
Command Line Arguments,Argue for or against the use of Command Line Arguments in a given Java scenario.,Evaluate
Scanner Class,Examine the relationship between Scanner Class and memory usage in Java.,Analyze
Abstract Classes,Interpret the behaviour of Abstract Classes in Java with a suitable example.,Understand
Thread Lifecycle,Discuss the significance of Thread Lifecycle in Java.,Understand
Thread Synchronization,Argue for or against the use of Thread Synchronization in a given Java scenario.,Evaluate
Loops,Examine the relationship between Loops and memory usage in Java.,Analyze
Comparable and Comparator,Write the general form of Comparable and Comparator in Java.,Remember
Character Streams,Analyze how Character Streams interacts with other features of Java.,Analyze
Abstract Classes,Write the general form of Abstract Classes in Java.,Remember
Inner Classes,Create a Java application that uses Inner Classes to manage data for a small system.,Create
Thread Lifecycle,What is Thread Lifecycle in Java?,Remember
Marker Interface,Examine the relationship between Marker Interface and memory usage in Java.,Analyze
Interfaces,Mention the purpose of Interfaces in Java.,Remember
Autoboxing,What are the components of Autoboxing in Java?,Remember
Inheritance,Demonstrate the use of Inheritance through a Java program.,Apply
JDK and JRE,Write a Java program to demonstrate JDK and JRE.,Apply
Serialization,Critique a design decision that relies on Serialization in Java.,Evaluate
JVM Architecture,Explain the concept of JVM Architecture in Java with an example.,Understand
equals and hashCode,Discuss the significance of equals and hashCode in Java.,Understand
equals and hashCode,Apply the concept of equals and hashCode to complete a partially written Java program.,Apply
Enhanced For Loop,Explain the concept of Enhanced For Loop in Java with an example.,Understand
Stack,List the key features of Stack in Java.,Remember
Lambda Expressions,Design a Java program that integrates Lambda Expressions to solve a real-world problem.,Create
Association,State two characteristics of Association in Java.,Remember
Is-A Relationship,Build a Java solution that uses Is-A Relationship and explain your design choices.,Create
Scanner Class,Propose and implement an original Java solution using Scanner Class.,Create
Marker Interface,Analyze how Marker Interface interacts with other features of Java.,Analyze
Strings,"Recommend, with justification, when Strings should be used in Java.",Evaluate
Static Binding,Analyze the time complexity of operations involving Static Binding in Java.,Analyze
StringTokenizer,Analyze the time complexity of operations involving StringTokenizer in Java.,Analyze
BufferedReader,Define BufferedReader in Java.,Remember
this Keyword,Explain the working of this Keyword in Java in your own words.,Understand
equals and hashCode,Analyze how equals and hashCode interacts with other features of Java.,Analyze
File Handling,Apply File Handling to write a Java program that takes user input and produces output.,Apply
Enhanced For Loop,Apply Enhanced For Loop to write a Java program that takes user input and produces output.,Apply
Has-A Relationship,Examine the relationship between Has-A Relationship and memory usage in Java.,Analyze
Ternary Operator,Inspect a Java program using Ternary Operator and identify the logical flow.,Analyze
Serialization,Use Serialization to implement a small Java application.,Apply
Generics,Apply the concept of Generics to complete a partially written Java program.,Apply
Stack,Apply Stack to write a Java program that takes user input and produces output.,Apply
Object Class,Write a Java program to demonstrate Object Class.,Apply
toString Method,Evaluate the trade-offs involved in using toString Method in Java.,Evaluate
Throw and Throws,Examine the relationship between Throw and Throws and memory usage in Java.,Analyze
BufferedReader,Evaluate the effectiveness of using BufferedReader in a Java application.,Evaluate
HashSet,Explain the working of HashSet in Java in your own words.,Understand
Exception Handling,Examine the relationship between Exception Handling and memory usage in Java.,Analyze
Iterator,Critically assess the advantages and limitations of Iterator in Java.,Evaluate
Singleton Class,Differentiate between Singleton Class and a related concept in Java.,Understand
Deque,Evaluate two different approaches to implementing Deque in Java and recommend one.,Evaluate
Loops,Design a Java program that integrates Loops to solve a real-world problem.,Create
Stream API,State two characteristics of Stream API in Java.,Remember
Final Keyword,Explain the concept of Final Keyword in Java with an example.,Understand
Throw and Throws,Evaluate the correctness and quality of a Java solution that uses Throw and Throws.,Evaluate
ClassLoaderBasics,What is ClassLoaderBasics in Java?,Remember
File Handling,Create a new Java class hierarchy that demonstrates File Handling.,Create
Arrays,Identify the keyword used for Arrays in Java.,Remember
Association,Demonstrate the use of Association through a Java program.,Apply
Static Binding,Compare Static Binding with a related concept in Java and analyze the differences.,Analyze
Stack,Develop a complete Java application that uses Stack along with other concepts.,Create
Math Class,What are the components of Math Class in Java?,Remember
JVM Architecture,Design and build a Java module that applies JVM Architecture effectively.,Create
Loops,List the key features of Loops in Java.,Remember
Byte Streams,Develop a Java program that uses Byte Streams to handle a given scenario.,Apply
File Handling,Write a Java program to demonstrate File Handling.,Apply
super Keyword,Distinguish between correct and incorrect uses of super Keyword in Java with analysis.,Analyze
Classes and Objects,Build a Java solution that uses Classes and Objects and explain your design choices.,Create
Access Modifiers,Evaluate two different approaches to implementing Access Modifiers in Java and recommend one.,Evaluate
Character Streams,Classify the different forms of Character Streams in Java and explain each.,Understand
Character Streams,Analyze a given Java code segment using Character Streams and explain its behaviour.,Analyze
Thread Lifecycle,Identify the keyword used for Thread Lifecycle in Java.,Remember
Garbage Collection,Develop a complete Java application that uses Garbage Collection along with other concepts.,Create
Inheritance,Explain the working of Inheritance in Java in your own words.,Understand
toString Method,State the syntax of toString Method in Java.,Remember
Labeled Loops,What are the components of Labeled Loops in Java?,Remember
Wrapper Classes,State two characteristics of Wrapper Classes in Java.,Remember
Methods,Explain how Methods differs from its alternatives in Java.,Understand
Thread Synchronization,List the key features of Thread Synchronization in Java.,Remember
Final Keyword,Design a Java program using Final Keyword to model a real-life entity.,Create
Garbage Collection,Develop an innovative Java program that extends the usual use of Garbage Collection.,Create
LinkedList,Evaluate the effectiveness of using LinkedList in a Java application.,Evaluate
Default Methods,Design and build a Java module that applies Default Methods effectively.,Create
Access Modifiers,Construct a Java program that combines Access Modifiers with exception handling to build a robust solution.,Create
Control Statements,Show how Control Statements can be used in a Java program to perform a task.,Apply
String Pool,Show how String Pool can be used in a Java program to perform a task.,Apply
Command Line Arguments,State two characteristics of Command Line Arguments in Java.,Remember
Polymorphism,Analyze the time complexity of operations involving Polymorphism in Java.,Analyze
Operators,Devise a Java program that uses Operators to implement a custom feature.,Create
Data Types,What are the components of Data Types in Java?,Remember
Association,Mention the purpose of Association in Java.,Remember
TreeMap,Describe how TreeMap works in Java.,Understand
Serialization,Design and build a Java module that applies Serialization effectively.,Create
Multithreading,Assess the impact of Multithreading on the maintainability of Java code.,Evaluate
Java Memory Model,"Using Java Memory Model, write a program to solve a simple problem in Java.",Apply
Annotations,Discuss the significance of Annotations in Java.,Understand
Encapsulation,State two characteristics of Encapsulation in Java.,Remember
Is-A Relationship,Apply the concept of Is-A Relationship to complete a partially written Java program.,Apply
Constructor Overloading,Interpret the behaviour of Constructor Overloading in Java with a suitable example.,Understand
Static Keyword,Design and build a Java module that applies Static Keyword effectively.,Create
Method Overriding,Formulate a Java mini-project that showcases Method Overriding.,Create
Queue,State two characteristics of Queue in Java.,Remember
Iterator,Identify the keyword used for Iterator in Java.,Remember
Serialization,Summarize the role of Serialization in Java programming.,Understand
Control Statements,Investigate the common errors that occur while using Control Statements in Java.,Analyze
Switch Statement,Analyze the output of a Java program that uses Switch Statement.,Analyze
Packages,Compare Packages with a related concept in Java and analyze the differences.,Analyze
Arrays,Summarize the role of Arrays in Java programming.,Understand
Data Types,Name the types of Data Types available in Java.,Remember
Iterator,"Recommend, with justification, when Iterator should be used in Java.",Evaluate
Is-A Relationship,Formulate a Java mini-project that showcases Is-A Relationship.,Create
String Buffer and Builder,Show how String Buffer and Builder can be used in a Java program to perform a task.,Apply
Recursion,Why is Recursion used in Java? Explain.,Understand
ClassLoaderBasics,Explain the working of ClassLoaderBasics in Java in your own words.,Understand
Ternary Operator,Name the types of Ternary Operator available in Java.,Remember
Bitwise Operators,Write a Java program to demonstrate Bitwise Operators.,Apply
ClassLoaderBasics,Analyze the time complexity of operations involving ClassLoaderBasics in Java.,Analyze
Try-Catch-Finally,Analyze the output of a Java program that uses Try-Catch-Finally.,Analyze
Autoboxing,Explain the advantages of using Autoboxing in Java.,Understand
Ternary Operator,Show how Ternary Operator can be used in a Java program to perform a task.,Apply
Java I/O,Critique a design decision that relies on Java I/O in Java.,Evaluate
Is-A Relationship,State the syntax of Is-A Relationship in Java.,Remember
Constructors,Develop an innovative Java program that extends the usual use of Constructors.,Create
Functional Interfaces,Name the types of Functional Interfaces available in Java.,Remember
Java I/O,Construct a Java program that combines Java I/O with exception handling to build a robust solution.,Create
Scanner Class,Formulate a Java mini-project that showcases Scanner Class.,Create
Type Casting,Write a Java program to demonstrate Type Casting.,Apply
ClassLoaderBasics,Give reasons why ClassLoaderBasics is important in Java.,Understand
Anonymous Classes,Describe how Anonymous Classes works in Java.,Understand
Exception Handling,Construct a Java program that combines Exception Handling with exception handling to build a robust solution.,Create
Enhanced For Loop,Design a Java program that integrates Enhanced For Loop to solve a real-world problem.,Create
Try-Catch-Finally,Critique a design decision that relies on Try-Catch-Finally in Java.,Evaluate
Math Class,"Using Math Class, write a program to solve a simple problem in Java.",Apply
Static Keyword,"Using Static Keyword, write a program to solve a simple problem in Java.",Apply
Interfaces,Classify the different forms of Interfaces in Java and explain each.,Understand
super Keyword,Create a new Java class hierarchy that demonstrates super Keyword.,Create
Method Overloading,Write a Java program to demonstrate Method Overloading.,Apply
Operators,Construct a Java program that applies Operators to process data.,Apply
Comparable and Comparator,Compare Comparable and Comparator with a related concept in Java and analyze the differences.,Analyze
Iterator,Describe how Iterator works in Java.,Understand
super Keyword,List the key features of super Keyword in Java.,Remember
Final Keyword,Examine the relationship between Final Keyword and memory usage in Java.,Analyze
Runnable Interface,Break down the working of Runnable Interface in Java and analyze each step.,Analyze
Variables,Construct a Java program that combines Variables with exception handling to build a robust solution.,Create
Thread Lifecycle,Design and build a Java module that applies Thread Lifecycle effectively.,Create
Strings,Compare Strings with a related concept in Java and analyze the differences.,Analyze
Bytecode,Devise a Java program that uses Bytecode to implement a custom feature.,Create
Byte Streams,Investigate the common errors that occur while using Byte Streams in Java.,Analyze
LinkedList,Use LinkedList to implement a small Java application.,Apply
Functional Interfaces,Investigate the common errors that occur while using Functional Interfaces in Java.,Analyze
Wrapper Classes,Use Wrapper Classes to implement a small Java application.,Apply
Object Class,Formulate a Java mini-project that showcases Object Class.,Create
Regular Expressions,Demonstrate the use of Regular Expressions through a Java program.,Apply
Multithreading,Write a Java code snippet that makes use of Multithreading.,Apply
Inner Classes,Assess the impact of Inner Classes on the maintainability of Java code.,Evaluate
Labeled Loops,Compare Labeled Loops with a related concept in Java and analyze the differences.,Analyze
String Pool,Summarize the role of String Pool in Java programming.,Understand
Enum,Design a Java program that integrates Enum to solve a real-world problem.,Create
Method Overriding,Differentiate between Method Overriding and a related concept in Java.,Understand
Loops,Justify whether Loops is the best choice for a given Java programming problem.,Evaluate
Runnable Interface,Examine the relationship between Runnable Interface and memory usage in Java.,Analyze
Math Class,Create a new Java class hierarchy that demonstrates Math Class.,Create
Control Statements,Write a Java program to demonstrate Control Statements.,Apply
Thread Synchronization,Investigate the common errors that occur while using Thread Synchronization in Java.,Analyze
Polymorphism,Name the types of Polymorphism available in Java.,Remember
Character Streams,Compare Character Streams with a related concept in Java and analyze the differences.,Analyze
Wrapper Classes,Explain how Wrapper Classes differs from its alternatives in Java.,Understand
Aggregation,Construct a Java program that combines Aggregation with exception handling to build a robust solution.,Create
Labeled Loops,Give reasons why Labeled Loops is important in Java.,Understand
Methods,"Recommend, with justification, when Methods should be used in Java.",Evaluate
Encapsulation,Design and build a Java module that applies Encapsulation effectively.,Create
HashSet,Analyze a given Java code segment using HashSet and explain its behaviour.,Analyze
Wrapper Classes,Judge the suitability of Wrapper Classes for a large-scale Java project.,Evaluate
Variables,What are the components of Variables in Java?,Remember
Strings,"Using Strings, write a program to solve a simple problem in Java.",Apply
super Keyword,Propose and implement an original Java solution using super Keyword.,Create
Collections Framework,Design a Java program that integrates Collections Framework to solve a real-world problem.,Create
Functional Interfaces,Construct a Java program that applies Functional Interfaces to process data.,Apply
Java Memory Model,What are the components of Java Memory Model in Java?,Remember
Default Methods,Judge the suitability of Default Methods for a large-scale Java project.,Evaluate
Serialization,Design a Java program using Serialization to model a real-life entity.,Create
Anonymous Classes,Analyze the output of a Java program that uses Anonymous Classes.,Analyze
equals and hashCode,List the rules for using equals and hashCode in Java.,Remember
Default Methods,Evaluate the correctness and quality of a Java solution that uses Default Methods.,Evaluate
JVM Architecture,Construct a Java program that applies JVM Architecture to process data.,Apply
Dynamic Binding,Evaluate the correctness and quality of a Java solution that uses Dynamic Binding.,Evaluate
Regular Expressions,Apply the concept of Regular Expressions to complete a partially written Java program.,Apply
Is-A Relationship,"Using Is-A Relationship, write a program to solve a simple problem in Java.",Apply
Default Methods,List the rules for using Default Methods in Java.,Remember
Ternary Operator,Critique a design decision that relies on Ternary Operator in Java.,Evaluate
Scanner Class,Analyze a given Java code segment using Scanner Class and explain its behaviour.,Analyze
Stream API,Design a Java program that integrates Stream API to solve a real-world problem.,Create
Static Binding,Create a Java application that uses Static Binding to manage data for a small system.,Create
Java I/O,Assess the impact of Java I/O on the maintainability of Java code.,Evaluate
Constructor Overloading,Examine the relationship between Constructor Overloading and memory usage in Java.,Analyze
Stack,Define Stack in Java.,Remember
Abstract Classes,List the key features of Abstract Classes in Java.,Remember
ClassLoaderBasics,Describe how ClassLoaderBasics works in Java.,Understand
StringTokenizer,Construct a Java program that combines StringTokenizer with exception handling to build a robust solution.,Create
Custom Exceptions,Create a new Java class hierarchy that demonstrates Custom Exceptions.,Create
StringTokenizer,Investigate the common errors that occur while using StringTokenizer in Java.,Analyze
Enum,Show how Enum can be used in a Java program to perform a task.,Apply
Byte Streams,"Determine whether Byte Streams improves or harms the efficiency of a Java program, and justify.",Evaluate
Access Modifiers,Formulate a Java mini-project that showcases Access Modifiers.,Create
Bitwise Operators,Construct a Java program that combines Bitwise Operators with exception handling to build a robust solution.,Create
Control Statements,Break down the working of Control Statements in Java and analyze each step.,Analyze
Date and Time API,Recall the default value associated with Date and Time API in Java.,Remember
Runnable Interface,Analyze a given Java code segment using Runnable Interface and explain its behaviour.,Analyze
Arrays,Apply Arrays to write a Java program that takes user input and produces output.,Apply
Nested Classes,Distinguish between correct and incorrect uses of Nested Classes in Java with analysis.,Analyze
Labeled Loops,Mention the purpose of Labeled Loops in Java.,Remember
Constructor Overloading,Write a Java code snippet that makes use of Constructor Overloading.,Apply
Final Keyword,Discuss the significance of Final Keyword in Java.,Understand
Control Statements,Construct a Java program that combines Control Statements with exception handling to build a robust solution.,Create
Interfaces,Examine the relationship between Interfaces and memory usage in Java.,Analyze
Enhanced For Loop,Summarize the role of Enhanced For Loop in Java programming.,Understand
Jagged Arrays,Create a new Java class hierarchy that demonstrates Jagged Arrays.,Create
Collections Framework,Create a new Java class hierarchy that demonstrates Collections Framework.,Create
Character Streams,Formulate a Java mini-project that showcases Character Streams.,Create
Multithreading,Build a Java solution that uses Multithreading and explain your design choices.,Create
Aggregation,Develop an innovative Java program that extends the usual use of Aggregation.,Create
Queue,Create a Java application that uses Queue to manage data for a small system.,Create
Method Overriding,Interpret the behaviour of Method Overriding in Java with a suitable example.,Understand
this Keyword,Develop an innovative Java program that extends the usual use of this Keyword.,Create
BufferedReader,Recall the default value associated with BufferedReader in Java.,Remember
File Handling,Develop a complete Java application that uses File Handling along with other concepts.,Create
Constructor Overloading,What is Constructor Overloading in Java?,Remember
toString Method,Name the types of toString Method available in Java.,Remember
Autoboxing,Propose and implement an original Java solution using Autoboxing.,Create
equals and hashCode,Give reasons why equals and hashCode is important in Java.,Understand
Abstract Classes,Explain the advantages of using Abstract Classes in Java.,Understand
Bytecode,Construct a Java program that combines Bytecode with exception handling to build a robust solution.,Create
JDK and JRE,What is JDK and JRE in Java?,Remember
Command Line Arguments,Explain the working of Command Line Arguments in Java in your own words.,Understand
Jagged Arrays,Apply Jagged Arrays to write a Java program that takes user input and produces output.,Apply
Association,Summarize the role of Association in Java programming.,Understand
this Keyword,Demonstrate the use of this Keyword through a Java program.,Apply
Polymorphism,Analyze how Polymorphism interacts with other features of Java.,Analyze
Enhanced For Loop,Name the types of Enhanced For Loop available in Java.,Remember
String Buffer and Builder,Analyze how String Buffer and Builder interacts with other features of Java.,Analyze
Bitwise Operators,Develop a Java program that uses Bitwise Operators to handle a given scenario.,Apply
Static Binding,Implement Static Binding in Java with a working code example.,Apply
Default Methods,Explain how Default Methods differs from its alternatives in Java.,Understand
Interfaces,Why is Interfaces used in Java? Explain.,Understand
Math Class,Summarize the role of Math Class in Java programming.,Understand
Scanner Class,Describe how Scanner Class works in Java.,Understand
File Handling,Analyze a given Java code segment using File Handling and explain its behaviour.,Analyze
HashMap,Design a Java program that integrates HashMap to solve a real-world problem.,Create
Data Types,Create a new Java class hierarchy that demonstrates Data Types.,Create
toString Method,Build a Java solution that uses toString Method and explain your design choices.,Create
Jagged Arrays,Develop a Java program that uses Jagged Arrays to handle a given scenario.,Apply
Constructors,Analyze the output of a Java program that uses Constructors.,Analyze
Vector,Construct a Java program that combines Vector with exception handling to build a robust solution.,Create
Immutable Class,Inspect a Java program using Immutable Class and identify the logical flow.,Analyze
equals and hashCode,Write a Java program to demonstrate equals and hashCode.,Apply
Access Modifiers,Design a Java program that integrates Access Modifiers to solve a real-world problem.,Create
Enum,Examine the relationship between Enum and memory usage in Java.,Analyze
Custom Exceptions,Judge the suitability of Custom Exceptions for a large-scale Java project.,Evaluate
String Buffer and Builder,Examine how String Buffer and Builder affects the performance of a Java program.,Analyze
Multithreading,Create a new Java class hierarchy that demonstrates Multithreading.,Create
Recursion,Discuss the significance of Recursion in Java.,Understand
ClassLoaderBasics,Name the types of ClassLoaderBasics available in Java.,Remember
Methods,What is Methods in Java?,Remember
Scanner Class,Differentiate between Scanner Class and a related concept in Java.,Understand
Exception Handling,Create a Java application that uses Exception Handling to manage data for a small system.,Create
Bytecode,State the syntax of Bytecode in Java.,Remember
Constructor Overloading,"Using Constructor Overloading, write a program to solve a simple problem in Java.",Apply
Date and Time API,Write a Java program to demonstrate Date and Time API.,Apply
Generics,Develop a Java program that uses Generics to handle a given scenario.,Apply
Switch Statement,Construct a Java program that applies Switch Statement to process data.,Apply
Aggregation,Recall the default value associated with Aggregation in Java.,Remember
Bitwise Operators,Distinguish between correct and incorrect uses of Bitwise Operators in Java with analysis.,Analyze
Math Class,Develop a Java program that uses Math Class to handle a given scenario.,Apply
HashMap,Why is HashMap used in Java? Explain.,Understand
BufferedReader,What are the components of BufferedReader in Java?,Remember
Association,Examine the relationship between Association and memory usage in Java.,Analyze
Abstract Classes,Discuss the significance of Abstract Classes in Java.,Understand
Is-A Relationship,What is Is-A Relationship in Java?,Remember
Constructor Overloading,Break down the working of Constructor Overloading in Java and analyze each step.,Analyze
Inner Classes,Define Inner Classes in Java.,Remember
Object Class,Recall the default value associated with Object Class in Java.,Remember
Collections Framework,Interpret the behaviour of Collections Framework in Java with a suitable example.,Understand
Jagged Arrays,Evaluate the effectiveness of using Jagged Arrays in a Java application.,Evaluate
Try-Catch-Finally,What are the components of Try-Catch-Finally in Java?,Remember
Stream API,Devise a Java program that uses Stream API to implement a custom feature.,Create
File Handling,Describe how File Handling works in Java.,Understand
Vector,Interpret the behaviour of Vector in Java with a suitable example.,Understand
Anonymous Classes,Construct a Java program that applies Anonymous Classes to process data.,Apply
BufferedReader,Critique a design decision that relies on BufferedReader in Java.,Evaluate
Static Binding,What is Static Binding in Java?,Remember
Interfaces,Assess the impact of Interfaces on the maintainability of Java code.,Evaluate
Classes and Objects,Interpret the behaviour of Classes and Objects in Java with a suitable example.,Understand
Labeled Loops,Write the general form of Labeled Loops in Java.,Remember
ArrayList,Write a Java program to demonstrate ArrayList.,Apply
Bitwise Operators,"Using Bitwise Operators, write a program to solve a simple problem in Java.",Apply
Labeled Loops,Describe how Labeled Loops works in Java.,Understand
Enum,Inspect a Java program using Enum and identify the logical flow.,Analyze
TreeMap,Examine how TreeMap affects the performance of a Java program.,Analyze
Anonymous Classes,Write and execute a Java program illustrating Anonymous Classes.,Apply
Stack,Write the general form of Stack in Java.,Remember
Serialization,Analyze the time complexity of operations involving Serialization in Java.,Analyze
Default Methods,Examine how Default Methods affects the performance of a Java program.,Analyze
Method Overloading,Apply Method Overloading to write a Java program that takes user input and produces output.,Apply
Polymorphism,Evaluate two different approaches to implementing Polymorphism in Java and recommend one.,Evaluate
Control Statements,Write a Java code snippet that makes use of Control Statements.,Apply
Singleton Class,Write a Java code snippet that makes use of Singleton Class.,Apply
Try-Catch-Finally,Evaluate the trade-offs involved in using Try-Catch-Finally in Java.,Evaluate
Polymorphism,Argue for or against the use of Polymorphism in a given Java scenario.,Evaluate
Inner Classes,Construct a Java program that combines Inner Classes with exception handling to build a robust solution.,Create
TreeMap,Construct a Java program that applies TreeMap to process data.,Apply
Constructors,Examine the relationship between Constructors and memory usage in Java.,Analyze
Method Overriding,Explain the working of Method Overriding in Java in your own words.,Understand
Garbage Collection,Construct a Java program that combines Garbage Collection with exception handling to build a robust solution.,Create
Stream API,Give reasons why Stream API is important in Java.,Understand
Character Streams,Give reasons why Character Streams is important in Java.,Understand
String Buffer and Builder,Evaluate the effectiveness of using String Buffer and Builder in a Java application.,Evaluate
Try-Catch-Finally,Analyze how Try-Catch-Finally interacts with other features of Java.,Analyze
Ternary Operator,Design a Java program using Ternary Operator to model a real-life entity.,Create
Packages,Name the types of Packages available in Java.,Remember
Stack,Critically assess the advantages and limitations of Stack in Java.,Evaluate
Date and Time API,Argue for or against the use of Date and Time API in a given Java scenario.,Evaluate
Byte Streams,Demonstrate the use of Byte Streams through a Java program.,Apply
Static Keyword,Analyze the time complexity of operations involving Static Keyword in Java.,Analyze
Generics,Give reasons why Generics is important in Java.,Understand
HashSet,Examine how HashSet affects the performance of a Java program.,Analyze
Stack,List the rules for using Stack in Java.,Remember
Recursion,Inspect a Java program using Recursion and identify the logical flow.,Analyze
Stream API,Classify the different forms of Stream API in Java and explain each.,Understand
Arrays,Show how Arrays can be used in a Java program to perform a task.,Apply
Data Types,Analyze the time complexity of operations involving Data Types in Java.,Analyze
TreeMap,"Recommend, with justification, when TreeMap should be used in Java.",Evaluate
Bitwise Operators,Argue for or against the use of Bitwise Operators in a given Java scenario.,Evaluate
Method Overriding,"Recommend, with justification, when Method Overriding should be used in Java.",Evaluate
Serialization,Justify whether Serialization is the best choice for a given Java programming problem.,Evaluate
Serialization,Construct a Java program that combines Serialization with exception handling to build a robust solution.,Create
equals and hashCode,Critically assess the advantages and limitations of equals and hashCode in Java.,Evaluate
Is-A Relationship,Develop an innovative Java program that extends the usual use of Is-A Relationship.,Create
Type Casting,Evaluate the correctness and quality of a Java solution that uses Type Casting.,Evaluate
Operators,Judge the suitability of Operators for a large-scale Java project.,Evaluate
Object Class,State the syntax of Object Class in Java.,Remember
Multithreading,Judge the suitability of Multithreading for a large-scale Java project.,Evaluate
Regular Expressions,Analyze how Regular Expressions interacts with other features of Java.,Analyze
Throw and Throws,Judge the suitability of Throw and Throws for a large-scale Java project.,Evaluate
Functional Interfaces,Explain the working of Functional Interfaces in Java in your own words.,Understand
Wrapper Classes,Compare Wrapper Classes with a related concept in Java and analyze the differences.,Analyze
Strings,Analyze why a Java program using Strings may produce unexpected results.,Analyze
Multithreading,Evaluate the trade-offs involved in using Multithreading in Java.,Evaluate
Jagged Arrays,Evaluate two different approaches to implementing Jagged Arrays in Java and recommend one.,Evaluate
Stack,"Determine whether Stack improves or harms the efficiency of a Java program, and justify.",Evaluate
Methods,Explain the concept of Methods in Java with an example.,Understand
Enhanced For Loop,What are the components of Enhanced For Loop in Java?,Remember
Bitwise Operators,Critique a design decision that relies on Bitwise Operators in Java.,Evaluate
Interfaces,Create a Java application that uses Interfaces to manage data for a small system.,Create
Loops,Use Loops to implement a small Java application.,Apply
Access Modifiers,Develop a complete Java application that uses Access Modifiers along with other concepts.,Create
Aggregation,Judge the suitability of Aggregation for a large-scale Java project.,Evaluate
Enum,List the key features of Enum in Java.,Remember
Data Types,Distinguish between correct and incorrect uses of Data Types in Java with analysis.,Analyze
String Pool,Critically assess the advantages and limitations of String Pool in Java.,Evaluate
Iterator,Examine the relationship between Iterator and memory usage in Java.,Analyze
Wrapper Classes,Apply the concept of Wrapper Classes to complete a partially written Java program.,Apply
HashSet,Propose and implement an original Java solution using HashSet.,Create
Generics,Argue for or against the use of Generics in a given Java scenario.,Evaluate
Object Class,What is Object Class in Java?,Remember
Default Methods,Write a Java code snippet that makes use of Default Methods.,Apply
Comparable and Comparator,Propose and implement an original Java solution using Comparable and Comparator.,Create
Object Class,Write the general form of Object Class in Java.,Remember
Comparable and Comparator,Inspect a Java program using Comparable and Comparator and identify the logical flow.,Analyze
Custom Exceptions,Analyze the output of a Java program that uses Custom Exceptions.,Analyze
ArrayList,Construct a Java program that applies ArrayList to process data.,Apply
Default Methods,Formulate a Java mini-project that showcases Default Methods.,Create
Stack,Explain the advantages of using Stack in Java.,Understand
Math Class,Construct a Java program that applies Math Class to process data.,Apply
Serialization,Develop a complete Java application that uses Serialization along with other concepts.,Create
Enhanced For Loop,Evaluate two different approaches to implementing Enhanced For Loop in Java and recommend one.,Evaluate
equals and hashCode,"Determine whether equals and hashCode improves or harms the efficiency of a Java program, and justify.",Evaluate
JVM Architecture,Critique a design decision that relies on JVM Architecture in Java.,Evaluate
Switch Statement,Explain the working of Switch Statement in Java in your own words.,Understand
Java I/O,Argue for or against the use of Java I/O in a given Java scenario.,Evaluate
ArrayList,Build a Java solution that uses ArrayList and explain your design choices.,Create
Byte Streams,Describe how Byte Streams works in Java.,Understand
Runnable Interface,Implement Runnable Interface in Java with a working code example.,Apply
Stream API,Name the types of Stream API available in Java.,Remember
Method Overriding,Break down the working of Method Overriding in Java and analyze each step.,Analyze
Character Streams,Name the types of Character Streams available in Java.,Remember
Object Class,Give reasons why Object Class is important in Java.,Understand
Nested Classes,Analyze the output of a Java program that uses Nested Classes.,Analyze
Variable Scope,Show how Variable Scope can be used in a Java program to perform a task.,Apply
Composition,Judge the suitability of Composition for a large-scale Java project.,Evaluate
Method Overriding,Demonstrate the use of Method Overriding through a Java program.,Apply
ClassLoaderBasics,Write a Java program to demonstrate ClassLoaderBasics.,Apply
Labeled Loops,Analyze the time complexity of operations involving Labeled Loops in Java.,Analyze
ArrayList,Use ArrayList to implement a small Java application.,Apply
Recursion,Identify the keyword used for Recursion in Java.,Remember
Method Overriding,Analyze how Method Overriding interacts with other features of Java.,Analyze
JDK and JRE,Apply JDK and JRE to write a Java program that takes user input and produces output.,Apply
HashSet,Identify the keyword used for HashSet in Java.,Remember
Inheritance,Name the types of Inheritance available in Java.,Remember
Operators,"Using Operators, write a program to solve a simple problem in Java.",Apply
Has-A Relationship,Identify the keyword used for Has-A Relationship in Java.,Remember
Inheritance,Examine how Inheritance affects the performance of a Java program.,Analyze
Is-A Relationship,Argue for or against the use of Is-A Relationship in a given Java scenario.,Evaluate
String Pool,Evaluate two different approaches to implementing String Pool in Java and recommend one.,Evaluate
Constructor Overloading,Summarize the role of Constructor Overloading in Java programming.,Understand
Variable Scope,Argue for or against the use of Variable Scope in a given Java scenario.,Evaluate
Strings,Apply the concept of Strings to complete a partially written Java program.,Apply
BufferedReader,Write a Java code snippet that makes use of BufferedReader.,Apply
Encapsulation,Explain how Encapsulation differs from its alternatives in Java.,Understand
Deque,Give reasons why Deque is important in Java.,Understand
File Handling,Show how File Handling can be used in a Java program to perform a task.,Apply
Try-Catch-Finally,"Recommend, with justification, when Try-Catch-Finally should be used in Java.",Evaluate
Association,Explain how Association differs from its alternatives in Java.,Understand
Lambda Expressions,Use Lambda Expressions to implement a small Java application.,Apply
Association,Build a Java solution that uses Association and explain your design choices.,Create
Static Binding,Design and build a Java module that applies Static Binding effectively.,Create
Methods,Explain the advantages of using Methods in Java.,Understand
Labeled Loops,Design a Java program that integrates Labeled Loops to solve a real-world problem.,Create
Multithreading,Break down the working of Multithreading in Java and analyze each step.,Analyze
Garbage Collection,Assess the impact of Garbage Collection on the maintainability of Java code.,Evaluate
String Buffer and Builder,Recall the default value associated with String Buffer and Builder in Java.,Remember
Var-args,Summarize the role of Var-args in Java programming.,Understand
Has-A Relationship,Analyze the time complexity of operations involving Has-A Relationship in Java.,Analyze
Date and Time API,Build a Java solution that uses Date and Time API and explain your design choices.,Create
Constructor Overloading,Discuss the significance of Constructor Overloading in Java.,Understand
LinkedList,Analyze why a Java program using LinkedList may produce unexpected results.,Analyze
Jagged Arrays,Create a Java application that uses Jagged Arrays to manage data for a small system.,Create
Queue,List the key features of Queue in Java.,Remember
JDK and JRE,Create a new Java class hierarchy that demonstrates JDK and JRE.,Create
Method Overriding,Explain the advantages of using Method Overriding in Java.,Understand
super Keyword,Discuss the significance of super Keyword in Java.,Understand
Nested Classes,Propose and implement an original Java solution using Nested Classes.,Create
Method Overloading,Differentiate between Method Overloading and a related concept in Java.,Understand
Recursion,Use Recursion to implement a small Java application.,Apply
Constructor Overloading,Demonstrate the use of Constructor Overloading through a Java program.,Apply
Bytecode,"Using Bytecode, write a program to solve a simple problem in Java.",Apply
Deque,Develop a complete Java application that uses Deque along with other concepts.,Create
Is-A Relationship,Evaluate the trade-offs involved in using Is-A Relationship in Java.,Evaluate
Lambda Expressions,Interpret the behaviour of Lambda Expressions in Java with a suitable example.,Understand
Wrapper Classes,Recall the default value associated with Wrapper Classes in Java.,Remember
Command Line Arguments,Analyze the output of a Java program that uses Command Line Arguments.,Analyze
this Keyword,Recall the default value associated with this Keyword in Java.,Remember
Polymorphism,List the key features of Polymorphism in Java.,Remember
Operators,"Determine whether Operators improves or harms the efficiency of a Java program, and justify.",Evaluate
Variables,Why is Variables used in Java? Explain.,Understand
Date and Time API,Explain the concept of Date and Time API in Java with an example.,Understand
StringTokenizer,Apply StringTokenizer to write a Java program that takes user input and produces output.,Apply
Variables,Justify whether Variables is the best choice for a given Java programming problem.,Evaluate
Object Class,Discuss the significance of Object Class in Java.,Understand
Bytecode,Write and execute a Java program illustrating Bytecode.,Apply
Multithreading,List the key features of Multithreading in Java.,Remember
HashSet,Construct a Java program that applies HashSet to process data.,Apply
Composition,Construct a Java program that applies Composition to process data.,Apply
Labeled Loops,Develop a complete Java application that uses Labeled Loops along with other concepts.,Create
Classes and Objects,Demonstrate the use of Classes and Objects through a Java program.,Apply
ArrayList,Distinguish between correct and incorrect uses of ArrayList in Java with analysis.,Analyze
HashMap,Describe how HashMap works in Java.,Understand
HashMap,Mention the purpose of HashMap in Java.,Remember
Marker Interface,Construct a Java program that applies Marker Interface to process data.,Apply
Custom Exceptions,Design a Java program that integrates Custom Exceptions to solve a real-world problem.,Create
Functional Interfaces,Create a Java application that uses Functional Interfaces to manage data for a small system.,Create
Java I/O,Distinguish between correct and incorrect uses of Java I/O in Java with analysis.,Analyze
super Keyword,Implement super Keyword in Java with a working code example.,Apply
Loops,List the rules for using Loops in Java.,Remember
Multithreading,Evaluate the correctness and quality of a Java solution that uses Multithreading.,Evaluate
Byte Streams,Create a new Java class hierarchy that demonstrates Byte Streams.,Create
Stack,Summarize the role of Stack in Java programming.,Understand
Ternary Operator,Develop a Java program that uses Ternary Operator to handle a given scenario.,Apply
Runnable Interface,Explain the advantages of using Runnable Interface in Java.,Understand
Packages,Design and build a Java module that applies Packages effectively.,Create
Custom Exceptions,Explain the working of Custom Exceptions in Java in your own words.,Understand
Multithreading,Create a Java application that uses Multithreading to manage data for a small system.,Create
Arrays,Mention the purpose of Arrays in Java.,Remember
Functional Interfaces,Differentiate between Functional Interfaces and a related concept in Java.,Understand
Is-A Relationship,Justify whether Is-A Relationship is the best choice for a given Java programming problem.,Evaluate
super Keyword,Critically assess the advantages and limitations of super Keyword in Java.,Evaluate
Composition,Explain how Composition differs from its alternatives in Java.,Understand
Encapsulation,Show how Encapsulation can be used in a Java program to perform a task.,Apply
Stream API,Differentiate between Stream API and a related concept in Java.,Understand
Annotations,Break down the working of Annotations in Java and analyze each step.,Analyze
Annotations,Analyze a given Java code segment using Annotations and explain its behaviour.,Analyze
Throw and Throws,Apply the concept of Throw and Throws to complete a partially written Java program.,Apply
Deque,Explain the advantages of using Deque in Java.,Understand
Scanner Class,Name the types of Scanner Class available in Java.,Remember
Default Methods,Design a Java program that integrates Default Methods to solve a real-world problem.,Create
String Buffer and Builder,Examine the relationship between String Buffer and Builder and memory usage in Java.,Analyze
Custom Exceptions,Propose and implement an original Java solution using Custom Exceptions.,Create
Jagged Arrays,Write the general form of Jagged Arrays in Java.,Remember
Throw and Throws,"Determine whether Throw and Throws improves or harms the efficiency of a Java program, and justify.",Evaluate
JVM Architecture,Explain how JVM Architecture differs from its alternatives in Java.,Understand
Is-A Relationship,Analyze the output of a Java program that uses Is-A Relationship.,Analyze
Functional Interfaces,Develop a complete Java application that uses Functional Interfaces along with other concepts.,Create
Marker Interface,Name the types of Marker Interface available in Java.,Remember
Immutable Class,Evaluate the correctness and quality of a Java solution that uses Immutable Class.,Evaluate
Dynamic Binding,Construct a Java program that combines Dynamic Binding with exception handling to build a robust solution.,Create
Enum,Analyze the output of a Java program that uses Enum.,Analyze
Java Memory Model,Apply Java Memory Model to write a Java program that takes user input and produces output.,Apply
Default Methods,Differentiate between Default Methods and a related concept in Java.,Understand
Java Memory Model,Build a Java solution that uses Java Memory Model and explain your design choices.,Create
Math Class,Explain how Math Class differs from its alternatives in Java.,Understand
Bitwise Operators,Summarize the role of Bitwise Operators in Java programming.,Understand
Switch Statement,Apply Switch Statement to write a Java program that takes user input and produces output.,Apply
Functional Interfaces,Analyze how Functional Interfaces interacts with other features of Java.,Analyze
equals and hashCode,Recall the default value associated with equals and hashCode in Java.,Remember
Lambda Expressions,List the rules for using Lambda Expressions in Java.,Remember
Variables,Evaluate the effectiveness of using Variables in a Java application.,Evaluate
Type Casting,Identify the keyword used for Type Casting in Java.,Remember
Abstract Classes,"Recommend, with justification, when Abstract Classes should be used in Java.",Evaluate
Byte Streams,Evaluate two different approaches to implementing Byte Streams in Java and recommend one.,Evaluate
Control Statements,Build a Java solution that uses Control Statements and explain your design choices.,Create
Throw and Throws,Design a Java program that integrates Throw and Throws to solve a real-world problem.,Create
toString Method,Design a Java program using toString Method to model a real-life entity.,Create
Garbage Collection,What is Garbage Collection in Java?,Remember
Comparable and Comparator,Explain the concept of Comparable and Comparator in Java with an example.,Understand
ArrayList,What are the components of ArrayList in Java?,Remember
Variable Scope,Develop a complete Java application that uses Variable Scope along with other concepts.,Create
toString Method,Explain the concept of toString Method in Java with an example.,Understand
Is-A Relationship,"Recommend, with justification, when Is-A Relationship should be used in Java.",Evaluate
Methods,Compare Methods with a related concept in Java and analyze the differences.,Analyze
Encapsulation,Develop an innovative Java program that extends the usual use of Encapsulation.,Create
Abstract Classes,Devise a Java program that uses Abstract Classes to implement a custom feature.,Create
Dynamic Binding,Analyze a given Java code segment using Dynamic Binding and explain its behaviour.,Analyze
Composition,Analyze the time complexity of operations involving Composition in Java.,Analyze
Serialization,Implement Serialization in Java with a working code example.,Apply
Methods,Analyze the output of a Java program that uses Methods.,Analyze
Strings,List the key features of Strings in Java.,Remember
Method Overriding,Build a Java solution that uses Method Overriding and explain your design choices.,Create
Queue,Identify the keyword used for Queue in Java.,Remember
StringTokenizer,Explain the working of StringTokenizer in Java in your own words.,Understand
Wrapper Classes,Give reasons why Wrapper Classes is important in Java.,Understand
Exception Handling,Analyze why a Java program using Exception Handling may produce unexpected results.,Analyze
super Keyword,What are the components of super Keyword in Java?,Remember
Singleton Class,Write and execute a Java program illustrating Singleton Class.,Apply
Dynamic Binding,Use Dynamic Binding to implement a small Java application.,Apply
Generics,Interpret the behaviour of Generics in Java with a suitable example.,Understand
Final Keyword,Investigate the common errors that occur while using Final Keyword in Java.,Analyze
LinkedList,State two characteristics of LinkedList in Java.,Remember
Interfaces,Inspect a Java program using Interfaces and identify the logical flow.,Analyze
Dynamic Binding,Evaluate the trade-offs involved in using Dynamic Binding in Java.,Evaluate
Constructors,Assess the impact of Constructors on the maintainability of Java code.,Evaluate
Static Binding,Develop an innovative Java program that extends the usual use of Static Binding.,Create
equals and hashCode,Distinguish between correct and incorrect uses of equals and hashCode in Java with analysis.,Analyze
Enum,Create a new Java class hierarchy that demonstrates Enum.,Create
Nested Classes,Evaluate the trade-offs involved in using Nested Classes in Java.,Evaluate
Dynamic Binding,Design a Java program using Dynamic Binding to model a real-life entity.,Create
Constructors,Construct a Java program that combines Constructors with exception handling to build a robust solution.,Create
Strings,Explain the concept of Strings in Java with an example.,Understand
Deque,Construct a Java program that applies Deque to process data.,Apply
File Handling,Demonstrate the use of File Handling through a Java program.,Apply
Object Class,Critically assess the advantages and limitations of Object Class in Java.,Evaluate
Iterator,Classify the different forms of Iterator in Java and explain each.,Understand
Math Class,Investigate the common errors that occur while using Math Class in Java.,Analyze
Scanner Class,What are the components of Scanner Class in Java?,Remember
File Handling,Summarize the role of File Handling in Java programming.,Understand
Constructor Overloading,Create a Java application that uses Constructor Overloading to manage data for a small system.,Create
Object Class,Propose and implement an original Java solution using Object Class.,Create
Date and Time API,Show how Date and Time API can be used in a Java program to perform a task.,Apply
HashSet,"Determine whether HashSet improves or harms the efficiency of a Java program, and justify.",Evaluate
Switch Statement,Implement Switch Statement in Java with a working code example.,Apply
Java I/O,Why is Java I/O used in Java? Explain.,Understand
equals and hashCode,Analyze why a Java program using equals and hashCode may produce unexpected results.,Analyze
Singleton Class,Evaluate the correctness and quality of a Java solution that uses Singleton Class.,Evaluate
Throw and Throws,Critique a design decision that relies on Throw and Throws in Java.,Evaluate
BufferedReader,What is BufferedReader in Java?,Remember
Anonymous Classes,Differentiate between Anonymous Classes and a related concept in Java.,Understand
ArrayList,Recall the default value associated with ArrayList in Java.,Remember
Annotations,Mention the purpose of Annotations in Java.,Remember
Try-Catch-Finally,Mention the purpose of Try-Catch-Finally in Java.,Remember
equals and hashCode,Write a Java code snippet that makes use of equals and hashCode.,Apply
toString Method,Recall the default value associated with toString Method in Java.,Remember
File Handling,Write the general form of File Handling in Java.,Remember
Multidimensional Arrays,Develop a Java program that uses Multidimensional Arrays to handle a given scenario.,Apply
Command Line Arguments,Compare Command Line Arguments with a related concept in Java and analyze the differences.,Analyze
Static Binding,Develop a complete Java application that uses Static Binding along with other concepts.,Create
JVM Architecture,State two characteristics of JVM Architecture in Java.,Remember
toString Method,Define toString Method in Java.,Remember
Classes and Objects,Identify the keyword used for Classes and Objects in Java.,Remember
Vector,Compare Vector with a related concept in Java and analyze the differences.,Analyze
ClassLoaderBasics,Explain how ClassLoaderBasics differs from its alternatives in Java.,Understand
Composition,Implement Composition in Java with a working code example.,Apply
Data Types,Explain the concept of Data Types in Java with an example.,Understand
Java Memory Model,Analyze the time complexity of operations involving Java Memory Model in Java.,Analyze
Iterator,Create a new Java class hierarchy that demonstrates Iterator.,Create
Association,Evaluate two different approaches to implementing Association in Java and recommend one.,Evaluate
Has-A Relationship,Discuss the significance of Has-A Relationship in Java.,Understand
Date and Time API,Write and execute a Java program illustrating Date and Time API.,Apply
Functional Interfaces,"Recommend, with justification, when Functional Interfaces should be used in Java.",Evaluate
Jagged Arrays,Explain how Jagged Arrays differs from its alternatives in Java.,Understand
Labeled Loops,"Recommend, with justification, when Labeled Loops should be used in Java.",Evaluate
Is-A Relationship,Critique a design decision that relies on Is-A Relationship in Java.,Evaluate
Operators,Write a Java code snippet that makes use of Operators.,Apply
Custom Exceptions,Summarize the role of Custom Exceptions in Java programming.,Understand
HashSet,Critically assess the advantages and limitations of HashSet in Java.,Evaluate
JVM Architecture,Evaluate two different approaches to implementing JVM Architecture in Java and recommend one.,Evaluate
String Buffer and Builder,Explain the working of String Buffer and Builder in Java in your own words.,Understand
Regular Expressions,Give reasons why Regular Expressions is important in Java.,Understand
Thread Synchronization,Identify the keyword used for Thread Synchronization in Java.,Remember
Packages,Break down the working of Packages in Java and analyze each step.,Analyze
Dynamic Binding,Distinguish between correct and incorrect uses of Dynamic Binding in Java with analysis.,Analyze
BufferedReader,Judge the suitability of BufferedReader for a large-scale Java project.,Evaluate
Method Overriding,Name the types of Method Overriding available in Java.,Remember
Control Statements,Describe how Control Statements works in Java.,Understand
this Keyword,Write a Java code snippet that makes use of this Keyword.,Apply
Throw and Throws,Devise a Java program that uses Throw and Throws to implement a custom feature.,Create
equals and hashCode,"Recommend, with justification, when equals and hashCode should be used in Java.",Evaluate
Thread Synchronization,Implement Thread Synchronization in Java with a working code example.,Apply
Var-args,Construct a Java program that applies Var-args to process data.,Apply
Var-args,Create a Java application that uses Var-args to manage data for a small system.,Create
Multithreading,Critique a design decision that relies on Multithreading in Java.,Evaluate
Annotations,Explain how Annotations differs from its alternatives in Java.,Understand
Annotations,Examine the relationship between Annotations and memory usage in Java.,Analyze
toString Method,Analyze how toString Method interacts with other features of Java.,Analyze
Control Statements,Analyze how Control Statements interacts with other features of Java.,Analyze
Abstract Classes,What are the components of Abstract Classes in Java?,Remember
Recursion,Propose and implement an original Java solution using Recursion.,Create
Marker Interface,Mention the purpose of Marker Interface in Java.,Remember
Packages,Analyze the time complexity of operations involving Packages in Java.,Analyze
Type Casting,Explain the advantages of using Type Casting in Java.,Understand
Enhanced For Loop,Examine the relationship between Enhanced For Loop and memory usage in Java.,Analyze
Polymorphism,Write and execute a Java program illustrating Polymorphism.,Apply
Strings,Formulate a Java mini-project that showcases Strings.,Create
Default Methods,Give reasons why Default Methods is important in Java.,Understand
String Pool,Name the types of String Pool available in Java.,Remember
Command Line Arguments,Evaluate the trade-offs involved in using Command Line Arguments in Java.,Evaluate
Throw and Throws,Explain how Throw and Throws differs from its alternatives in Java.,Understand
HashMap,Construct a Java program that combines HashMap with exception handling to build a robust solution.,Create
Custom Exceptions,Name the types of Custom Exceptions available in Java.,Remember
Access Modifiers,Analyze why a Java program using Access Modifiers may produce unexpected results.,Analyze
Byte Streams,Critique a design decision that relies on Byte Streams in Java.,Evaluate
Immutable Class,Explain the working of Immutable Class in Java in your own words.,Understand
TreeMap,What are the components of TreeMap in Java?,Remember
Custom Exceptions,Investigate the common errors that occur while using Custom Exceptions in Java.,Analyze
Vector,Construct a Java program that applies Vector to process data.,Apply
Static Keyword,Write the general form of Static Keyword in Java.,Remember
Marker Interface,Develop an innovative Java program that extends the usual use of Marker Interface.,Create
Anonymous Classes,Critically assess the advantages and limitations of Anonymous Classes in Java.,Evaluate
Strings,Mention the purpose of Strings in Java.,Remember
super Keyword,Critique a design decision that relies on super Keyword in Java.,Evaluate
Operators,Argue for or against the use of Operators in a given Java scenario.,Evaluate
StringTokenizer,Name the types of StringTokenizer available in Java.,Remember
TreeMap,Give reasons why TreeMap is important in Java.,Understand
Static Binding,Inspect a Java program using Static Binding and identify the logical flow.,Analyze
Composition,Evaluate the trade-offs involved in using Composition in Java.,Evaluate
Thread Lifecycle,List the key features of Thread Lifecycle in Java.,Remember
Marker Interface,Distinguish between correct and incorrect uses of Marker Interface in Java with analysis.,Analyze
Wrapper Classes,Justify whether Wrapper Classes is the best choice for a given Java programming problem.,Evaluate
Constructor Overloading,Develop a Java program that uses Constructor Overloading to handle a given scenario.,Apply
Stream API,Examine how Stream API affects the performance of a Java program.,Analyze
Constructor Overloading,Justify whether Constructor Overloading is the best choice for a given Java programming problem.,Evaluate
Marker Interface,"Recommend, with justification, when Marker Interface should be used in Java.",Evaluate
Control Statements,Summarize the role of Control Statements in Java programming.,Understand
Functional Interfaces,List the rules for using Functional Interfaces in Java.,Remember
Regular Expressions,Write a Java program to demonstrate Regular Expressions.,Apply
StringTokenizer,State the syntax of StringTokenizer in Java.,Remember
Object Class,Judge the suitability of Object Class for a large-scale Java project.,Evaluate
Collections Framework,Judge the suitability of Collections Framework for a large-scale Java project.,Evaluate
File Handling,Propose and implement an original Java solution using File Handling.,Create
Deque,State two characteristics of Deque in Java.,Remember
Exception Handling,Apply Exception Handling to write a Java program that takes user input and produces output.,Apply
Variables,Write the general form of Variables in Java.,Remember
StringTokenizer,What is StringTokenizer in Java?,Remember
Constructor Overloading,Apply the concept of Constructor Overloading to complete a partially written Java program.,Apply
Queue,Analyze the time complexity of operations involving Queue in Java.,Analyze
Interfaces,Distinguish between correct and incorrect uses of Interfaces in Java with analysis.,Analyze
Generics,Discuss the significance of Generics in Java.,Understand
Operators,Develop an innovative Java program that extends the usual use of Operators.,Create
ArrayList,Construct a Java program that combines ArrayList with exception handling to build a robust solution.,Create
Lambda Expressions,Assess the impact of Lambda Expressions on the maintainability of Java code.,Evaluate
Throw and Throws,Name the types of Throw and Throws available in Java.,Remember
Static Keyword,Demonstrate the use of Static Keyword through a Java program.,Apply
Method Overloading,Investigate the common errors that occur while using Method Overloading in Java.,Analyze
Constructors,Interpret the behaviour of Constructors in Java with a suitable example.,Understand
Thread Synchronization,Analyze why a Java program using Thread Synchronization may produce unexpected results.,Analyze
Custom Exceptions,Argue for or against the use of Custom Exceptions in a given Java scenario.,Evaluate
Java Memory Model,Recall the default value associated with Java Memory Model in Java.,Remember
Character Streams,Develop an innovative Java program that extends the usual use of Character Streams.,Create
super Keyword,State two characteristics of super Keyword in Java.,Remember
super Keyword,Write the general form of super Keyword in Java.,Remember
Serialization,Discuss the significance of Serialization in Java.,Understand
Interfaces,"Determine whether Interfaces improves or harms the efficiency of a Java program, and justify.",Evaluate
Ternary Operator,Construct a Java program that applies Ternary Operator to process data.,Apply
Multithreading,Compare Multithreading with a related concept in Java and analyze the differences.,Analyze
Variable Scope,Recall the default value associated with Variable Scope in Java.,Remember
Static Binding,Demonstrate the use of Static Binding through a Java program.,Apply
ClassLoaderBasics,Create a new Java class hierarchy that demonstrates ClassLoaderBasics.,Create
Serialization,Evaluate the correctness and quality of a Java solution that uses Serialization.,Evaluate
Singleton Class,Analyze how Singleton Class interacts with other features of Java.,Analyze
Annotations,Name the types of Annotations available in Java.,Remember
Annotations,Formulate a Java mini-project that showcases Annotations.,Create
Iterator,Judge the suitability of Iterator for a large-scale Java project.,Evaluate
Serialization,Explain the advantages of using Serialization in Java.,Understand
Data Types,Classify the different forms of Data Types in Java and explain each.,Understand
String Buffer and Builder,Design a Java program that integrates String Buffer and Builder to solve a real-world problem.,Create
Encapsulation,Write a Java program to demonstrate Encapsulation.,Apply
Loops,Mention the purpose of Loops in Java.,Remember
Classes and Objects,Analyze a given Java code segment using Classes and Objects and explain its behaviour.,Analyze
Composition,Give reasons why Composition is important in Java.,Understand
Object Class,Classify the different forms of Object Class in Java and explain each.,Understand
Method Overriding,Create a Java application that uses Method Overriding to manage data for a small system.,Create
equals and hashCode,Explain the advantages of using equals and hashCode in Java.,Understand
Date and Time API,Assess the impact of Date and Time API on the maintainability of Java code.,Evaluate
Lambda Expressions,Critically assess the advantages and limitations of Lambda Expressions in Java.,Evaluate
Default Methods,Demonstrate the use of Default Methods through a Java program.,Apply
TreeMap,State two characteristics of TreeMap in Java.,Remember
Classes and Objects,"Using Classes and Objects, write a program to solve a simple problem in Java.",Apply
File Handling,Analyze the time complexity of operations involving File Handling in Java.,Analyze
Arrays,Write a Java code snippet that makes use of Arrays.,Apply
toString Method,What are the components of toString Method in Java?,Remember
Scanner Class,Distinguish between correct and incorrect uses of Scanner Class in Java with analysis.,Analyze
Collections Framework,Investigate the common errors that occur while using Collections Framework in Java.,Analyze
Wrapper Classes,List the rules for using Wrapper Classes in Java.,Remember
Iterator,Apply the concept of Iterator to complete a partially written Java program.,Apply
this Keyword,Explain the concept of this Keyword in Java with an example.,Understand
Data Types,Critique a design decision that relies on Data Types in Java.,Evaluate
Method Overriding,Implement Method Overriding in Java with a working code example.,Apply
Date and Time API,Construct a Java program that applies Date and Time API to process data.,Apply
Bitwise Operators,Compare Bitwise Operators with a related concept in Java and analyze the differences.,Analyze
Regular Expressions,Distinguish between correct and incorrect uses of Regular Expressions in Java with analysis.,Analyze
Constructors,Write the general form of Constructors in Java.,Remember
Packages,Apply the concept of Packages to complete a partially written Java program.,Apply
Association,Justify whether Association is the best choice for a given Java programming problem.,Evaluate
Multithreading,Design and build a Java module that applies Multithreading effectively.,Create
Singleton Class,Evaluate the trade-offs involved in using Singleton Class in Java.,Evaluate
Annotations,Apply Annotations to write a Java program that takes user input and produces output.,Apply
Abstract Classes,Mention the purpose of Abstract Classes in Java.,Remember
Stream API,Explain how Stream API differs from its alternatives in Java.,Understand
Wrapper Classes,Analyze the output of a Java program that uses Wrapper Classes.,Analyze
toString Method,List the key features of toString Method in Java.,Remember
BufferedReader,"Recommend, with justification, when BufferedReader should be used in Java.",Evaluate
Static Keyword,Justify whether Static Keyword is the best choice for a given Java programming problem.,Evaluate
Serialization,Evaluate two different approaches to implementing Serialization in Java and recommend one.,Evaluate
HashMap,Build a Java solution that uses HashMap and explain your design choices.,Create
ArrayList,Demonstrate the use of ArrayList through a Java program.,Apply
super Keyword,Demonstrate the use of super Keyword through a Java program.,Apply
Inner Classes,Apply the concept of Inner Classes to complete a partially written Java program.,Apply
Classes and Objects,Analyze how Classes and Objects interacts with other features of Java.,Analyze
Generics,Evaluate the correctness and quality of a Java solution that uses Generics.,Evaluate
Math Class,Evaluate the effectiveness of using Math Class in a Java application.,Evaluate
Inheritance,Investigate the common errors that occur while using Inheritance in Java.,Analyze
Data Types,State two characteristics of Data Types in Java.,Remember
BufferedReader,Analyze a given Java code segment using BufferedReader and explain its behaviour.,Analyze
toString Method,Devise a Java program that uses toString Method to implement a custom feature.,Create
Character Streams,Construct a Java program that applies Character Streams to process data.,Apply
Math Class,Argue for or against the use of Math Class in a given Java scenario.,Evaluate
Regular Expressions,What is Regular Expressions in Java?,Remember
Jagged Arrays,Summarize the role of Jagged Arrays in Java programming.,Understand
Operators,Apply the concept of Operators to complete a partially written Java program.,Apply
Constructors,Critique a design decision that relies on Constructors in Java.,Evaluate
Anonymous Classes,List the rules for using Anonymous Classes in Java.,Remember
Composition,List the rules for using Composition in Java.,Remember
Static Keyword,Inspect a Java program using Static Keyword and identify the logical flow.,Analyze
Static Keyword,"Determine whether Static Keyword improves or harms the efficiency of a Java program, and justify.",Evaluate
Method Overriding,Identify the keyword used for Method Overriding in Java.,Remember
equals and hashCode,Compare equals and hashCode with a related concept in Java and analyze the differences.,Analyze
Final Keyword,Name the types of Final Keyword available in Java.,Remember
Runnable Interface,Create a Java application that uses Runnable Interface to manage data for a small system.,Create
Method Overriding,Design and build a Java module that applies Method Overriding effectively.,Create
Immutable Class,Why is Immutable Class used in Java? Explain.,Understand
Classes and Objects,Judge the suitability of Classes and Objects for a large-scale Java project.,Evaluate
super Keyword,Analyze a given Java code segment using super Keyword and explain its behaviour.,Analyze
Command Line Arguments,State the syntax of Command Line Arguments in Java.,Remember
Iterator,Write the general form of Iterator in Java.,Remember
Iterator,Recall the default value associated with Iterator in Java.,Remember
Bytecode,Name the types of Bytecode available in Java.,Remember
Constructors,Give reasons why Constructors is important in Java.,Understand
Queue,Critique a design decision that relies on Queue in Java.,Evaluate
Variables,Construct a Java program that applies Variables to process data.,Apply
Aggregation,State the syntax of Aggregation in Java.,Remember
Is-A Relationship,Investigate the common errors that occur while using Is-A Relationship in Java.,Analyze
String Pool,Investigate the common errors that occur while using String Pool in Java.,Analyze
Static Keyword,Explain the concept of Static Keyword in Java with an example.,Understand
Serialization,Develop a Java program that uses Serialization to handle a given scenario.,Apply
Scanner Class,Evaluate the effectiveness of using Scanner Class in a Java application.,Evaluate
StringTokenizer,Inspect a Java program using StringTokenizer and identify the logical flow.,Analyze
Loops,State the syntax of Loops in Java.,Remember
Enum,Define Enum in Java.,Remember
Var-args,Develop a complete Java application that uses Var-args along with other concepts.,Create
Object Class,Analyze a given Java code segment using Object Class and explain its behaviour.,Analyze
toString Method,Explain the advantages of using toString Method in Java.,Understand
Command Line Arguments,Use Command Line Arguments to implement a small Java application.,Apply
File Handling,Investigate the common errors that occur while using File Handling in Java.,Analyze
Data Types,Differentiate between Data Types and a related concept in Java.,Understand
Immutable Class,Compare Immutable Class with a related concept in Java and analyze the differences.,Analyze
String Buffer and Builder,Mention the purpose of String Buffer and Builder in Java.,Remember
Interfaces,Apply the concept of Interfaces to complete a partially written Java program.,Apply
Interfaces,Differentiate between Interfaces and a related concept in Java.,Understand
JVM Architecture,Why is JVM Architecture used in Java? Explain.,Understand
Has-A Relationship,"Recommend, with justification, when Has-A Relationship should be used in Java.",Evaluate
Stack,Give reasons why Stack is important in Java.,Understand
Character Streams,Recall the default value associated with Character Streams in Java.,Remember
Bytecode,Use Bytecode to implement a small Java application.,Apply
Switch Statement,Demonstrate the use of Switch Statement through a Java program.,Apply
Iterator,Implement Iterator in Java with a working code example.,Apply
String Buffer and Builder,List the rules for using String Buffer and Builder in Java.,Remember
File Handling,Justify whether File Handling is the best choice for a given Java programming problem.,Evaluate
Static Keyword,Discuss the significance of Static Keyword in Java.,Understand
Custom Exceptions,Define Custom Exceptions in Java.,Remember
Anonymous Classes,Argue for or against the use of Anonymous Classes in a given Java scenario.,Evaluate
Inner Classes,List the rules for using Inner Classes in Java.,Remember
Deque,Explain how Deque differs from its alternatives in Java.,Understand
Variable Scope,Why is Variable Scope used in Java? Explain.,Understand
Loops,Construct a Java program that combines Loops with exception handling to build a robust solution.,Create
Variables,"Determine whether Variables improves or harms the efficiency of a Java program, and justify.",Evaluate
Static Binding,"Recommend, with justification, when Static Binding should be used in Java.",Evaluate
Inheritance,Evaluate the correctness and quality of a Java solution that uses Inheritance.,Evaluate
toString Method,Implement toString Method in Java with a working code example.,Apply
Enum,Critically assess the advantages and limitations of Enum in Java.,Evaluate
Recursion,Describe how Recursion works in Java.,Understand
Abstract Classes,Show how Abstract Classes can be used in a Java program to perform a task.,Apply
Packages,Analyze why a Java program using Packages may produce unexpected results.,Analyze
Autoboxing,State two characteristics of Autoboxing in Java.,Remember
LinkedList,Judge the suitability of LinkedList for a large-scale Java project.,Evaluate
Recursion,Show how Recursion can be used in a Java program to perform a task.,Apply
StringTokenizer,Design and build a Java module that applies StringTokenizer effectively.,Create
Variables,Explain the concept of Variables in Java with an example.,Understand
Byte Streams,Classify the different forms of Byte Streams in Java and explain each.,Understand
Throw and Throws,Evaluate two different approaches to implementing Throw and Throws in Java and recommend one.,Evaluate
Immutable Class,Recall the default value associated with Immutable Class in Java.,Remember
String Buffer and Builder,Explain the concept of String Buffer and Builder in Java with an example.,Understand
Runnable Interface,Critique a design decision that relies on Runnable Interface in Java.,Evaluate
Static Binding,Analyze the output of a Java program that uses Static Binding.,Analyze
Stack,Analyze a given Java code segment using Stack and explain its behaviour.,Analyze
this Keyword,Judge the suitability of this Keyword for a large-scale Java project.,Evaluate
JVM Architecture,Create a Java application that uses JVM Architecture to manage data for a small system.,Create
TreeMap,Develop a Java program that uses TreeMap to handle a given scenario.,Apply
Singleton Class,Define Singleton Class in Java.,Remember
Anonymous Classes,Analyze why a Java program using Anonymous Classes may produce unexpected results.,Analyze
LinkedList,Create a new Java class hierarchy that demonstrates LinkedList.,Create
Loops,Define Loops in Java.,Remember
Inheritance,List the rules for using Inheritance in Java.,Remember
StringTokenizer,Evaluate the correctness and quality of a Java solution that uses StringTokenizer.,Evaluate
Thread Lifecycle,What are the components of Thread Lifecycle in Java?,Remember
LinkedList,Analyze the output of a Java program that uses LinkedList.,Analyze
Constructors,Compare Constructors with a related concept in Java and analyze the differences.,Analyze
Aggregation,Describe how Aggregation works in Java.,Understand
Command Line Arguments,Construct a Java program that combines Command Line Arguments with exception handling to build a robust solution.,Create
JVM Architecture,Build a Java solution that uses JVM Architecture and explain your design choices.,Create
Autoboxing,Distinguish between correct and incorrect uses of Autoboxing in Java with analysis.,Analyze
Runnable Interface,Mention the purpose of Runnable Interface in Java.,Remember
Wrapper Classes,Define Wrapper Classes in Java.,Remember
Character Streams,Analyze the time complexity of operations involving Character Streams in Java.,Analyze
JVM Architecture,What is JVM Architecture in Java?,Remember
Custom Exceptions,What are the components of Custom Exceptions in Java?,Remember
Annotations,Why is Annotations used in Java? Explain.,Understand
Bytecode,Discuss the significance of Bytecode in Java.,Understand
Data Types,Give reasons why Data Types is important in Java.,Understand
Multithreading,Justify whether Multithreading is the best choice for a given Java programming problem.,Evaluate
Multidimensional Arrays,Interpret the behaviour of Multidimensional Arrays in Java with a suitable example.,Understand
Lambda Expressions,Apply Lambda Expressions to write a Java program that takes user input and produces output.,Apply
Constructors,Write a Java code snippet that makes use of Constructors.,Apply
Runnable Interface,Evaluate two different approaches to implementing Runnable Interface in Java and recommend one.,Evaluate
Aggregation,Write the general form of Aggregation in Java.,Remember
TreeMap,Distinguish between correct and incorrect uses of TreeMap in Java with analysis.,Analyze
Nested Classes,Write the general form of Nested Classes in Java.,Remember
Functional Interfaces,Apply the concept of Functional Interfaces to complete a partially written Java program.,Apply
Immutable Class,Design and build a Java module that applies Immutable Class effectively.,Create
Collections Framework,What is Collections Framework in Java?,Remember
Dynamic Binding,Devise a Java program that uses Dynamic Binding to implement a custom feature.,Create
Try-Catch-Finally,State the syntax of Try-Catch-Finally in Java.,Remember
Operators,Justify whether Operators is the best choice for a given Java programming problem.,Evaluate
Aggregation,Mention the purpose of Aggregation in Java.,Remember
Functional Interfaces,Break down the working of Functional Interfaces in Java and analyze each step.,Analyze
Immutable Class,Explain the advantages of using Immutable Class in Java.,Understand
Static Binding,Discuss the significance of Static Binding in Java.,Understand
Composition,"Recommend, with justification, when Composition should be used in Java.",Evaluate
Abstract Classes,Critique a design decision that relies on Abstract Classes in Java.,Evaluate
Method Overloading,Show how Method Overloading can be used in a Java program to perform a task.,Apply
Byte Streams,Analyze a given Java code segment using Byte Streams and explain its behaviour.,Analyze
Stream API,Discuss the significance of Stream API in Java.,Understand
Command Line Arguments,Create a new Java class hierarchy that demonstrates Command Line Arguments.,Create
Deque,Break down the working of Deque in Java and analyze each step.,Analyze
JDK and JRE,Critique a design decision that relies on JDK and JRE in Java.,Evaluate
Var-args,Devise a Java program that uses Var-args to implement a custom feature.,Create
Lambda Expressions,Discuss the significance of Lambda Expressions in Java.,Understand
Inner Classes,Create a new Java class hierarchy that demonstrates Inner Classes.,Create
Methods,Evaluate the effectiveness of using Methods in a Java application.,Evaluate
ArrayList,Critique a design decision that relies on ArrayList in Java.,Evaluate
Default Methods,Construct a Java program that applies Default Methods to process data.,Apply
Command Line Arguments,Implement Command Line Arguments in Java with a working code example.,Apply
Character Streams,Distinguish between correct and incorrect uses of Character Streams in Java with analysis.,Analyze
Functional Interfaces,Argue for or against the use of Functional Interfaces in a given Java scenario.,Evaluate
Ternary Operator,Differentiate between Ternary Operator and a related concept in Java.,Understand
Bytecode,What are the components of Bytecode in Java?,Remember
Classes and Objects,Argue for or against the use of Classes and Objects in a given Java scenario.,Evaluate
Anonymous Classes,Summarize the role of Anonymous Classes in Java programming.,Understand
ClassLoaderBasics,Discuss the significance of ClassLoaderBasics in Java.,Understand
Annotations,Write a Java program to demonstrate Annotations.,Apply
Queue,Differentiate between Queue and a related concept in Java.,Understand
Lambda Expressions,Propose and implement an original Java solution using Lambda Expressions.,Create
Stream API,Judge the suitability of Stream API for a large-scale Java project.,Evaluate
Math Class,Distinguish between correct and incorrect uses of Math Class in Java with analysis.,Analyze
Type Casting,Show how Type Casting can be used in a Java program to perform a task.,Apply
String Pool,Develop a complete Java application that uses String Pool along with other concepts.,Create
Scanner Class,Use Scanner Class to implement a small Java application.,Apply
ClassLoaderBasics,Design and build a Java module that applies ClassLoaderBasics effectively.,Create
Stack,Break down the working of Stack in Java and analyze each step.,Analyze
Final Keyword,List the rules for using Final Keyword in Java.,Remember
Constructor Overloading,Define Constructor Overloading in Java.,Remember
Operators,Assess the impact of Operators on the maintainability of Java code.,Evaluate
Lambda Expressions,Break down the working of Lambda Expressions in Java and analyze each step.,Analyze
Throw and Throws,Classify the different forms of Throw and Throws in Java and explain each.,Understand
Nested Classes,Argue for or against the use of Nested Classes in a given Java scenario.,Evaluate
Multidimensional Arrays,Demonstrate the use of Multidimensional Arrays through a Java program.,Apply
Bitwise Operators,Construct a Java program that applies Bitwise Operators to process data.,Apply
Anonymous Classes,Justify whether Anonymous Classes is the best choice for a given Java programming problem.,Evaluate
this Keyword,Give reasons why this Keyword is important in Java.,Understand
Garbage Collection,What are the components of Garbage Collection in Java?,Remember
Jagged Arrays,Demonstrate the use of Jagged Arrays through a Java program.,Apply
Date and Time API,Design and build a Java module that applies Date and Time API effectively.,Create
Anonymous Classes,Break down the working of Anonymous Classes in Java and analyze each step.,Analyze
Thread Synchronization,Design a Java program that integrates Thread Synchronization to solve a real-world problem.,Create
Is-A Relationship,Explain the working of Is-A Relationship in Java in your own words.,Understand
Bitwise Operators,Use Bitwise Operators to implement a small Java application.,Apply
Stream API,"Using Stream API, write a program to solve a simple problem in Java.",Apply
Loops,Evaluate the effectiveness of using Loops in a Java application.,Evaluate
Collections Framework,Assess the impact of Collections Framework on the maintainability of Java code.,Evaluate
Abstraction,Write a Java code snippet that makes use of Abstraction.,Apply
Custom Exceptions,Interpret the behaviour of Custom Exceptions in Java with a suitable example.,Understand
Classes and Objects,Inspect a Java program using Classes and Objects and identify the logical flow.,Analyze
Bytecode,Assess the impact of Bytecode on the maintainability of Java code.,Evaluate
Collections Framework,Evaluate the correctness and quality of a Java solution that uses Collections Framework.,Evaluate
ClassLoaderBasics,Develop a complete Java application that uses ClassLoaderBasics along with other concepts.,Create
Type Casting,Interpret the behaviour of Type Casting in Java with a suitable example.,Understand
Vector,Implement Vector in Java with a working code example.,Apply
Anonymous Classes,Develop a Java program that uses Anonymous Classes to handle a given scenario.,Apply
Var-args,Show how Var-args can be used in a Java program to perform a task.,Apply
Method Overloading,Create a Java application that uses Method Overloading to manage data for a small system.,Create
Labeled Loops,What is Labeled Loops in Java?,Remember
Throw and Throws,Mention the purpose of Throw and Throws in Java.,Remember
Method Overloading,Design a Java program that integrates Method Overloading to solve a real-world problem.,Create
Arrays,Evaluate the effectiveness of using Arrays in a Java application.,Evaluate
Java Memory Model,Differentiate between Java Memory Model and a related concept in Java.,Understand
Enhanced For Loop,Distinguish between correct and incorrect uses of Enhanced For Loop in Java with analysis.,Analyze
Var-args,Identify the keyword used for Var-args in Java.,Remember
Iterator,Construct a Java program that applies Iterator to process data.,Apply
Deque,Design a Java program that integrates Deque to solve a real-world problem.,Create
Custom Exceptions,Critique a design decision that relies on Custom Exceptions in Java.,Evaluate
Singleton Class,Distinguish between correct and incorrect uses of Singleton Class in Java with analysis.,Analyze
HashMap,Give reasons why HashMap is important in Java.,Understand
Abstract Classes,Explain the working of Abstract Classes in Java in your own words.,Understand
Jagged Arrays,Examine how Jagged Arrays affects the performance of a Java program.,Analyze
Character Streams,Evaluate two different approaches to implementing Character Streams in Java and recommend one.,Evaluate
Exception Handling,Demonstrate the use of Exception Handling through a Java program.,Apply
Java I/O,"Recommend, with justification, when Java I/O should be used in Java.",Evaluate
Inheritance,Discuss the significance of Inheritance in Java.,Understand
super Keyword,Construct a Java program that applies super Keyword to process data.,Apply
Variable Scope,"Recommend, with justification, when Variable Scope should be used in Java.",Evaluate
Loops,Apply Loops to write a Java program that takes user input and produces output.,Apply
Custom Exceptions,Justify whether Custom Exceptions is the best choice for a given Java programming problem.,Evaluate
Control Statements,Compare Control Statements with a related concept in Java and analyze the differences.,Analyze
LinkedList,Create a Java application that uses LinkedList to manage data for a small system.,Create
Runnable Interface,State two characteristics of Runnable Interface in Java.,Remember
Annotations,Build a Java solution that uses Annotations and explain your design choices.,Create
Encapsulation,Design a Java program using Encapsulation to model a real-life entity.,Create
LinkedList,Inspect a Java program using LinkedList and identify the logical flow.,Analyze
Thread Lifecycle,List the rules for using Thread Lifecycle in Java.,Remember
BufferedReader,List the rules for using BufferedReader in Java.,Remember
Inheritance,Show how Inheritance can be used in a Java program to perform a task.,Apply
HashSet,State two characteristics of HashSet in Java.,Remember
StringTokenizer,Formulate a Java mini-project that showcases StringTokenizer.,Create
Autoboxing,Analyze the output of a Java program that uses Autoboxing.,Analyze
Date and Time API,Critique a design decision that relies on Date and Time API in Java.,Evaluate
Enum,Describe how Enum works in Java.,Understand
Character Streams,Write a Java code snippet that makes use of Character Streams.,Apply
Data Types,Why is Data Types used in Java? Explain.,Understand
Byte Streams,Evaluate the correctness and quality of a Java solution that uses Byte Streams.,Evaluate
Method Overloading,Assess the impact of Method Overloading on the maintainability of Java code.,Evaluate
Throw and Throws,Explain the working of Throw and Throws in Java in your own words.,Understand
HashSet,Interpret the behaviour of HashSet in Java with a suitable example.,Understand
Java I/O,Evaluate two different approaches to implementing Java I/O in Java and recommend one.,Evaluate
Methods,Show how Methods can be used in a Java program to perform a task.,Apply
Collections Framework,Use Collections Framework to implement a small Java application.,Apply
Dynamic Binding,"Determine whether Dynamic Binding improves or harms the efficiency of a Java program, and justify.",Evaluate
Ternary Operator,What are the components of Ternary Operator in Java?,Remember
Operators,Critique a design decision that relies on Operators in Java.,Evaluate
Inheritance,Analyze how Inheritance interacts with other features of Java.,Analyze
Association,Construct a Java program that combines Association with exception handling to build a robust solution.,Create
toString Method,Summarize the role of toString Method in Java programming.,Understand
Multithreading,Analyze why a Java program using Multithreading may produce unexpected results.,Analyze
Interfaces,What is Interfaces in Java?,Remember
Arrays,Evaluate two different approaches to implementing Arrays in Java and recommend one.,Evaluate
Generics,State two characteristics of Generics in Java.,Remember
Association,Why is Association used in Java? Explain.,Understand
Marker Interface,Develop a complete Java application that uses Marker Interface along with other concepts.,Create
StringTokenizer,Explain the concept of StringTokenizer in Java with an example.,Understand
Switch Statement,Give reasons why Switch Statement is important in Java.,Understand
JVM Architecture,Break down the working of JVM Architecture in Java and analyze each step.,Analyze
String Buffer and Builder,Write the general form of String Buffer and Builder in Java.,Remember
Association,Classify the different forms of Association in Java and explain each.,Understand
BufferedReader,Discuss the significance of BufferedReader in Java.,Understand
Garbage Collection,Critically assess the advantages and limitations of Garbage Collection in Java.,Evaluate
Try-Catch-Finally,Formulate a Java mini-project that showcases Try-Catch-Finally.,Create
equals and hashCode,State the syntax of equals and hashCode in Java.,Remember
Constructor Overloading,Compare Constructor Overloading with a related concept in Java and analyze the differences.,Analyze
super Keyword,Define super Keyword in Java.,Remember
Java Memory Model,Mention the purpose of Java Memory Model in Java.,Remember
Byte Streams,Write a Java program to demonstrate Byte Streams.,Apply
Access Modifiers,Discuss the significance of Access Modifiers in Java.,Understand
Constructors,List the key features of Constructors in Java.,Remember
Inheritance,Break down the working of Inheritance in Java and analyze each step.,Analyze
Enum,Evaluate the effectiveness of using Enum in a Java application.,Evaluate
String Buffer and Builder,Justify whether String Buffer and Builder is the best choice for a given Java programming problem.,Evaluate
JVM Architecture,Classify the different forms of JVM Architecture in Java and explain each.,Understand
Multidimensional Arrays,Justify whether Multidimensional Arrays is the best choice for a given Java programming problem.,Evaluate
Iterator,State the syntax of Iterator in Java.,Remember
Comparable and Comparator,Analyze why a Java program using Comparable and Comparator may produce unexpected results.,Analyze
Command Line Arguments,Discuss the significance of Command Line Arguments in Java.,Understand
Loops,Investigate the common errors that occur while using Loops in Java.,Analyze
Thread Synchronization,Write and execute a Java program illustrating Thread Synchronization.,Apply
String Pool,Analyze a given Java code segment using String Pool and explain its behaviour.,Analyze
Enhanced For Loop,Recall the default value associated with Enhanced For Loop in Java.,Remember
Exception Handling,Give reasons why Exception Handling is important in Java.,Understand
Multithreading,Analyze how Multithreading interacts with other features of Java.,Analyze
Encapsulation,"Determine whether Encapsulation improves or harms the efficiency of a Java program, and justify.",Evaluate
Is-A Relationship,Judge the suitability of Is-A Relationship for a large-scale Java project.,Evaluate
Comparable and Comparator,Why is Comparable and Comparator used in Java? Explain.,Understand
Enhanced For Loop,Evaluate the trade-offs involved in using Enhanced For Loop in Java.,Evaluate
Composition,Analyze why a Java program using Composition may produce unexpected results.,Analyze
Variable Scope,Propose and implement an original Java solution using Variable Scope.,Create
Variables,Evaluate the correctness and quality of a Java solution that uses Variables.,Evaluate
Labeled Loops,State two characteristics of Labeled Loops in Java.,Remember
Collections Framework,Explain the concept of Collections Framework in Java with an example.,Understand
Command Line Arguments,Summarize the role of Command Line Arguments in Java programming.,Understand
Throw and Throws,Explain the concept of Throw and Throws in Java with an example.,Understand
Inner Classes,"Recommend, with justification, when Inner Classes should be used in Java.",Evaluate
HashMap,Design a Java program using HashMap to model a real-life entity.,Create
Final Keyword,Develop a Java program that uses Final Keyword to handle a given scenario.,Apply
String Pool,Construct a Java program that applies String Pool to process data.,Apply
Jagged Arrays,Implement Jagged Arrays in Java with a working code example.,Apply
Access Modifiers,Justify whether Access Modifiers is the best choice for a given Java programming problem.,Evaluate
Regular Expressions,Break down the working of Regular Expressions in Java and analyze each step.,Analyze
Wrapper Classes,Devise a Java program that uses Wrapper Classes to implement a custom feature.,Create
Deque,Devise a Java program that uses Deque to implement a custom feature.,Create
Aggregation,Investigate the common errors that occur while using Aggregation in Java.,Analyze
Serialization,Write a Java code snippet that makes use of Serialization.,Apply
Packages,Write and execute a Java program illustrating Packages.,Apply
Runnable Interface,What are the components of Runnable Interface in Java?,Remember
equals and hashCode,Evaluate the correctness and quality of a Java solution that uses equals and hashCode.,Evaluate
Data Types,Examine the relationship between Data Types and memory usage in Java.,Analyze
Autoboxing,Write a Java code snippet that makes use of Autoboxing.,Apply
equals and hashCode,Develop an innovative Java program that extends the usual use of equals and hashCode.,Create
